sample_id,design,co_at_pct,fe_at_pct,ni_at_pct
sample_0008ec54692c5cc5,Co6.7Fe60.3Ni33.0,6.7,60.3,33.0
sample_0075579d10b7c3d5,Co27.3Fe42.2Ni30.6,27.3,42.2,30.6
sample_00815ebe1af16eed,Co16.2Fe49.0Ni34.8,16.2,49.0,34.8
sample_00e2350d9c0dea3d,Co22.6Fe39.9Ni37.5,22.6,39.9,37.5
sample_00e3102524b79889,Co21.8Fe64.8Ni13.3,21.8,64.8,13.3
sample_0124a3995957121e,Co64.0Fe12.7Ni23.3,64.0,12.7,23.3
sample_01b2fc777b4d1ead,Co74.5Fe14.9Ni10.6,74.5,14.9,10.6
sample_02e00fcc00d6f2f9,Co49.1Fe19.5Ni31.4,49.1,19.5,31.4
sample_0321dc4147b31c87,Co22.8Fe10.4Ni66.8,22.8,10.4,66.8
sample_03a216700f3b2b5d,Co26.1Fe3.6Ni70.3,26.1,3.6,70.3
sample_03d0f8a898e74e60,Co48.0Fe21.7Ni30.3,48.0,21.7,30.3
sample_0404b42faa9ba942,Co27.6Fe64.8Ni7.5,27.6,64.8,7.5
sample_0506e4afdb17ed73,Co20.5Fe55.8Ni23.7,20.5,55.8,23.7
sample_0608dcb304e6d182,Co14.6Fe71.7Ni13.7,14.6,71.7,13.7
sample_063187d2abfde136,Co16.5Fe3.6Ni79.9,16.5,3.6,79.9
sample_0664b83ba0711662,Co63.2Fe10.4Ni26.4,63.2,10.4,26.4
sample_07101eac64a374e1,Co40.4Fe5.9Ni53.7,40.4,5.9,53.7
sample_08eb1a580a116577,Co31.0Fe30.8Ni38.2,31.0,30.8,38.2
sample_08f22dc273813690,Co18.6Fe28.5Ni52.9,18.6,28.5,52.9
sample_09e0d5795094f2df,Co51.1Fe33.1Ni15.9,51.1,33.1,15.9
sample_0a3956f4f1d0a5ba,Co4.8Fe60.3Ni34.9,4.8,60.3,34.9
sample_0a50d2bde28f2300,Co22.9Fe21.7Ni55.3,22.9,21.7,55.3
sample_0befbfd52c70c881,Co45.0Fe37.6Ni17.4,45.0,37.6,17.4
sample_0bf32486993169d2,Co57.6Fe21.7Ni20.6,57.6,21.7,20.6
sample_0ccd8519b4f88dcf,Co46.4Fe30.8Ni22.8,46.4,30.8,22.8
sample_0ce484db9fb48600,Co62.6Fe19.5Ni17.9,62.6,19.5,17.9
sample_0d8b190acce1a77c,Co18.9Fe51.2Ni29.8,18.9,51.2,29.8
sample_0daf355abc6a76ff,Co25.2Fe17.2Ni57.6,25.2,17.2,57.6
sample_0db679b7430a9c15,Co26.2Fe44.4Ni29.4,26.2,44.4,29.4
sample_0dff4429c396bc36,Co34.5Fe35.4Ni30.1,34.5,35.4,30.1
sample_0e13bce127c9ba1f,Co13.1Fe24.0Ni62.9,13.1,24.0,62.9
sample_0ed4c162443134c7,Co5.3Fe39.9Ni54.8,5.3,39.9,54.8
sample_0f1df517cd867876,Co37.6Fe33.1Ni29.4,37.6,33.1,29.4
sample_0f35db9cca3a0d5e,Co56.0Fe30.8Ni13.2,56.0,30.8,13.2
sample_0ffb772c61fa7661,Co9.9Fe42.2Ni47.9,9.9,42.2,47.9
sample_1073ecf0fcf9592c,Co44.1Fe21.7Ni34.1,44.1,21.7,34.1
sample_113ee1a14bb1d97a,Co39.2Fe37.6Ni23.2,39.2,37.6,23.2
sample_1195baac87b27805,Co7.3Fe10.4Ni82.3,7.3,10.4,82.3
sample_11d254d184d84800,Co34.8Fe58.0Ni7.1,34.8,58.0,7.1
sample_1244856b4c7a9804,Co17.2Fe35.4Ni47.5,17.2,35.4,47.5
sample_129bcf5011bb51c6,Co19.2Fe5.9Ni74.9,19.2,5.9,74.9
sample_129c0753d821f27b,Co14.6Fe3.6Ni81.9,14.6,3.6,81.9
sample_12ce2f3dad53387c,Co24.2Fe3.6Ni72.2,24.2,3.6,72.2
sample_12f5d6ecdf387665,Co11.1Fe67.1Ni21.8,11.1,67.1,21.8
sample_130bad965bd76243,Co48.1Fe5.9Ni46.0,48.1,5.9,46.0
sample_135bd95419ffc85c,Co36.8Fe58.0Ni5.2,36.8,58.0,5.2
sample_13727f4c44ba3cb5,Co15.4Fe5.9Ni78.8,15.4,5.9,78.8
sample_1394cb7b623aae30,Co35.8Fe44.4Ni19.8,35.8,44.4,19.8
sample_13c7c23887ff0e42,Co40.1Fe10.4Ni49.5,40.1,10.4,49.5
sample_13e4d08847974341,Co19.4Fe30.8Ni49.8,19.4,30.8,49.8
sample_14040284efa44859,Co57.0Fe3.6Ni39.4,57.0,3.6,39.4
sample_141795d421ac8044,Co35.5Fe49.0Ni15.6,35.5,49.0,15.6
sample_1485f9b95fb548c1,Co6.1Fe42.2Ni51.8,6.1,42.2,51.8
sample_14f05d8fea9f587a,Co13.3Fe21.7Ni65.0,13.3,21.7,65.0
sample_157a6b7207a68ec9,Co9.6Fe5.9Ni84.6,9.6,5.9,84.6
sample_15b713f70cc73259,Co26.6Fe24.0Ni49.4,26.6,24.0,49.4
sample_1686487cdec95960,Co7.9Fe58.0Ni34.1,7.9,58.0,34.1
sample_16ded0ae8c52fec7,Co17.1Fe21.7Ni61.1,17.1,21.7,61.1
sample_1751e820f8993235,Co17.4Fe73.9Ni8.7,17.4,73.9,8.7
sample_17bed1177a713108,Co11.5Fe46.7Ni41.8,11.5,46.7,41.8
sample_17bf1d5546107935,Co27.0Fe46.7Ni26.3,27.0,46.7,26.3
sample_17d37ca2723b159f,Co27.8Fe49.0Ni23.3,27.8,49.0,23.3
sample_19f74b0dd911a50f,Co26.5Fe67.1Ni6.4,26.5,67.1,6.4
sample_1b42adef88cbc435,Co21.2Fe46.7Ni32.1,21.2,46.7,32.1
sample_1b74dceec09480cd,Co5.6Fe21.7Ni72.7,5.6,21.7,72.7
sample_1b7b0186d329a0d8,Co30.5Fe24.0Ni45.5,30.5,24.0,45.5
sample_1c418fc5b871ad54,Co30.2Fe14.9Ni54.9,30.2,14.9,54.9
sample_1c63dccfbc0adbf9,Co51.8Fe21.7Ni26.4,51.8,21.7,26.4
sample_1c8a7ba8ccfdae5f,Co67.9Fe26.3Ni5.8,67.9,26.3,5.8
sample_1ca1d52da2276232,Co36.6Fe5.9Ni57.6,36.6,5.9,57.6
sample_1d1af193ed90e6c9,Co48.9Fe8.1Ni42.9,48.9,8.1,42.9
sample_1e51da4eaf6d47f1,Co26.3Fe14.9Ni58.8,26.3,14.9,58.8
sample_1f5088d85ff451a0,Co27.9Fe60.3Ni11.7,27.9,60.3,11.7
sample_20d79631a50f80d6,Co37.5Fe19.5Ni43.0,37.5,19.5,43.0
sample_212251022cf7c898,Co8.8Fe44.4Ni46.8,8.8,44.4,46.8
sample_2127bc654a02b795,Co63.7Fe30.8Ni5.4,63.7,30.8,5.4
sample_21b193cb0dbab2e1,Co35.6Fe19.5Ni44.9,35.6,19.5,44.9
sample_2350d4a6ac32cb9d,Co9.0Fe28.5Ni62.5,9.0,28.5,62.5
sample_247a0aa28de8f643,Co46.4Fe17.2Ni36.4,46.4,17.2,36.4
sample_25c119d34562e7e3,Co68.4Fe19.5Ni12.1,68.4,19.5,12.1
sample_2655c45fb2dec41a,Co40.6Fe17.2Ni42.2,40.6,17.2,42.2
sample_2667e9a84b6b8a95,Co11.4Fe21.7Ni66.9,11.4,21.7,66.9
sample_2692f1ab14c97a39,Co7.7Fe73.9Ni18.4,7.7,73.9,18.4
sample_27662b96f39b6b8d,Co10.3Fe64.8Ni24.9,10.3,64.8,24.9
sample_2776e9d40faa8b26,Co62.1Fe12.7Ni25.2,62.1,12.7,25.2
sample_2815e47770bfbe92,Co15.7Fe42.2Ni42.1,15.7,42.2,42.1
sample_28ceb1582f9d17f3,Co10.4Fe49.0Ni40.6,10.4,49.0,40.6
sample_2966123456dceea1,Co76.7Fe10.4Ni12.9,76.7,10.4,12.9
sample_299436015ee0d28d,Co33.5Fe8.1Ni58.4,33.5,8.1,58.4
sample_29d1c67e39bd92f8,Co51.2Fe44.4Ni4.3,51.2,44.4,4.3
sample_29e34769ff9de090,Co17.5Fe17.2Ni65.3,17.5,17.2,65.3
sample_2a79518f0b98f330,Co16.7Fe55.8Ni27.5,16.7,55.8,27.5
sample_2b2ba1e427f87b4d,Co71.0Fe10.4Ni18.7,71.0,10.4,18.7
sample_2b6d5d4388b4996a,Co32.9Fe30.8Ni36.3,32.9,30.8,36.3
sample_2bbe20423683d03c,Co55.2Fe14.9Ni29.9,55.2,14.9,29.9
sample_2bec1fb736edeb56,Co38.9Fe42.2Ni19.0,38.9,42.2,19.0
sample_2ca4fe8bbe5db45c,Co27.7Fe8.1Ni64.1,27.7,8.1,64.1
sample_2cb86e7abc12d328,Co7.5Fe35.4Ni57.1,7.5,35.4,57.1
sample_2eb1c8f487cc88b7,Co21.8Fe37.6Ni40.6,21.8,37.6,40.6
sample_2fa5a94e963cc233,Co24.9Fe35.4Ni39.8,24.9,35.4,39.8
sample_2fbed5b94c9a8b97,Co6.3Fe80.7Ni13.0,6.3,80.7,13.0
sample_2fc45703030f2eb1,Co39.8Fe14.9Ni45.3,39.8,14.9,45.3
sample_2ff6627b60ae5872,Co23.0Fe62.6Ni14.5,23.0,62.6,14.5
sample_302518f0c3544105,Co4.3Fe80.7Ni14.9,4.3,80.7,14.9
sample_308f26e5c8a2e624,Co20.9Fe51.2Ni27.9,20.9,51.2,27.9
sample_30adcad427154c63,Co16.7Fe14.9Ni68.4,16.7,14.9,68.4
sample_30be5c8b6c9d5604,Co65.5Fe5.9Ni28.7,65.5,5.9,28.7
sample_30f88b63811c4b27,Co83.6Fe8.1Ni8.2,83.6,8.1,8.2
sample_30f8a4409f099db9,Co35.0Fe42.2Ni22.8,35.0,42.2,22.8
sample_32c88ee16e1c10ba,Co18.0Fe64.8Ni17.2,18.0,64.8,17.2
sample_3305ca990bc00fc9,Co53.5Fe39.9Ni6.6,53.5,39.9,6.6
sample_335dddf5e092157b,Co49.3Fe3.6Ni47.2,49.3,3.6,47.2
sample_33dfa2c78c4d5a6e,Co25.2Fe58.0Ni16.7,25.2,58.0,16.7
sample_33ed8af206ee6413,Co55.2Fe28.5Ni16.2,55.2,28.5,16.2
sample_3453152d7c2f158f,Co20.7Fe67.1Ni12.2,20.7,67.1,12.2
sample_3463ffd80e1b5d19,Co82.8Fe5.9Ni11.3,82.8,5.9,11.3
sample_34c0f2a277a6eaa8,Co60.5Fe8.1Ni31.4,60.5,8.1,31.4
sample_367d40e3cb7f24b5,Co34.8Fe17.2Ni48.0,34.8,17.2,48.0
sample_3704f9d719295337,Co19.4Fe58.0Ni22.5,19.4,58.0,22.5
sample_37a2f9a544632c66,Co8.2Fe53.5Ni38.3,8.2,53.5,38.3
sample_38b00b8dde48cd16,Co30.2Fe28.5Ni41.3,30.2,28.5,41.3
sample_3914aaf5ff22b605,Co6.4Fe64.8Ni28.7,6.4,64.8,28.7
sample_39df80089abad293,Co16.1Fe64.8Ni19.1,16.1,64.8,19.1
sample_3a5bc6b2fcd253ba,Co33.4Fe37.6Ni29.0,33.4,37.6,29.0
sample_3a98aa04b34916f8,Co15.9Fe26.3Ni57.9,15.9,26.3,57.9
sample_3ac72b3481d9f0c1,Co19.6Fe42.2Ni38.3,19.6,42.2,38.3
sample_3aefc156adaa55d8,Co52.7Fe37.6Ni9.7,52.7,37.6,9.7
sample_3b29bf12f4aff551,Co13.9Fe26.3Ni59.8,13.9,26.3,59.8
sample_3c881e9284ba600e,Co53.0Fe33.1Ni13.9,53.0,33.1,13.9
sample_3c91642f9f203224,Co44.3Fe46.7Ni9.0,44.3,46.7,9.0
sample_3c9c48091557208a,Co60.2Fe12.7Ni27.1,60.2,12.7,27.1
sample_3d60068e63a05884,Co58.6Fe8.1Ni33.3,58.6,8.1,33.3
sample_3df3a3a3be05ab5f,Co21.6Fe26.3Ni52.1,21.6,26.3,52.1
sample_3e0e53f736dde72c,Co55.5Fe10.4Ni34.1,55.5,10.4,34.1
sample_3e3be3fca1e09f13,Co64.5Fe19.5Ni16.0,64.5,19.5,16.0
sample_3eef1c6bdc39e277,Co41.5Fe3.6Ni54.9,41.5,3.6,54.9
sample_3f0937a632e0b312,Co30.8Fe46.7Ni22.5,30.8,46.7,22.5
sample_3f9e5b5548c3a25e,Co4.3Fe53.5Ni42.2,4.3,53.5,42.2
sample_3fddcacf5a381c85,Co36.9Fe42.2Ni20.9,36.9,42.2,20.9
sample_4018768912b79252,Co8.5Fe49.0Ni42.5,8.5,49.0,42.5
sample_40221c3479313a0f,Co20.8Fe24.0Ni55.2,20.8,24.0,55.2
sample_4103921ad7d79969,Co77.1Fe5.9Ni17.1,77.1,5.9,17.1
sample_425255777ca7d5c8,Co12.5Fe19.5Ni68.0,12.5,19.5,68.0
sample_42598d26cb4fe7f3,Co4.6Fe49.0Ni46.4,4.6,49.0,46.4
sample_429d7c230ccbcf06,Co29.9Fe60.3Ni9.8,29.9,60.3,9.8
sample_42cdaf1319cef687,Co62.9Fe28.5Ni8.5,62.9,28.5,8.5
sample_43378078d63ab90a,Co22.2Fe60.3Ni17.5,22.2,60.3,17.5
sample_4408b46cd6ee92c0,Co43.2Fe49.0Ni7.8,43.2,49.0,7.8
sample_4494640332a3a0a0,Co9.8Fe17.2Ni73.0,9.8,17.2,73.0
sample_449f2c5b6478e8fe,Co57.5Fe10.4Ni32.1,57.5,10.4,32.1
sample_452e538f58c87cbd,Co60.8Fe3.6Ni35.6,60.8,3.6,35.6
sample_458b95af6f0355ae,Co34.0Fe55.8Ni10.2,34.0,55.8,10.2
sample_4606847b454fd1b7,Co59.6Fe21.7Ni18.7,59.6,21.7,18.7
sample_460e9bb54e164b3e,Co69.8Fe26.3Ni3.9,69.8,26.3,3.9
sample_46d7e45b3f9a9a92,Co82.5Fe10.4Ni7.1,82.5,10.4,7.1
sample_4760ff0cebd87bcf,Co61.0Fe14.9Ni24.1,61.0,14.9,24.1
sample_47682f7f912d9206,Co41.3Fe49.0Ni9.8,41.3,49.0,9.8
sample_4868415324a78c34,Co24.1Fe60.3Ni15.6,24.1,60.3,15.6
sample_4894886f02f058cf,Co22.8Fe24.0Ni53.2,22.8,24.0,53.2
sample_48df124fd13d4732,Co53.0Fe19.5Ni27.6,53.0,19.5,27.6
sample_495e2a0f4d6cd169,Co14.8Fe55.8Ni29.5,14.8,55.8,29.5
sample_49ed76ce836ded35,Co14.4Fe19.5Ni66.1,14.4,19.5,66.1
sample_49f64756a6c4451d,Co27.9Fe33.1Ni39.0,27.9,33.1,39.0
sample_4a7299eddbb8ef51,Co17.0Fe24.0Ni59.0,17.0,24.0,59.0
sample_4a8a8673cc102006,Co21.3Fe17.2Ni61.5,21.3,17.2,61.5
sample_4ab0c475c579b78c,Co8.0Fe42.2Ni49.8,8.0,42.2,49.8
sample_4b3d9e42e8eb938c,Co7.3Fe24.0Ni68.6,7.3,24.0,68.6
sample_4b983493cfb371bb,Co56.8Fe33.1Ni10.1,56.8,33.1,10.1
sample_4bfa2644f4d6a3a3,Co16.7Fe28.5Ni54.8,16.7,28.5,54.8
sample_4bfee6fd56a73954,Co33.2Fe12.7Ni54.1,33.2,12.7,54.1
sample_4c2a432602252ca3,Co22.5Fe55.8Ni21.8,22.5,55.8,21.8
sample_4c4ca51332ebbb74,Co75.1Fe5.9Ni19.0,75.1,5.9,19.0
sample_4cba447ade43b304,Co19.6Fe69.4Ni11.0,19.6,69.4,11.0
sample_4cceaf243045d8c3,Co36.3Fe51.2Ni12.5,36.3,51.2,12.5
sample_4d12bdd03a477e7a,Co32.1Fe55.8Ni12.1,32.1,55.8,12.1
sample_4d30d4f00a7e1010,Co14.1Fe64.8Ni21.0,14.1,64.8,21.0
sample_4dc586373d4843c1,Co60.2Fe26.3Ni13.5,60.2,26.3,13.5
sample_4e07120562b50591,Co22.1Fe19.5Ni58.4,22.1,19.5,58.4
sample_4e48731426969df5,Co40.5Fe46.7Ni12.8,40.5,46.7,12.8
sample_4ff6d20304dbe935,Co32.9Fe17.2Ni49.9,32.9,17.2,49.9
sample_503015711a7775d3,Co19.4Fe17.2Ni63.4,19.4,17.2,63.4
sample_50775f1f90392402,Co52.8Fe8.1Ni39.1,52.8,8.1,39.1
sample_5172cfc9accc7005,Co30.3Fe39.9Ni29.8,30.3,39.9,29.8
sample_517fc793fed579d8,Co72.9Fe10.4Ni16.7,72.9,10.4,16.7
sample_51da0dcd424de7b2,Co9.6Fe83.0Ni7.4,9.6,83.0,7.4
sample_5201e772e652a929,Co12.2Fe37.6Ni50.2,12.2,37.6,50.2
sample_523e713bb562b93d,Co41.0Fe53.5Ni5.5,41.0,53.5,5.5
sample_524b39e4ccc1573a,Co16.2Fe76.2Ni7.6,16.2,76.2,7.6
sample_527b85730bf2c4e1,Co70.6Fe14.9Ni14.4,70.6,14.9,14.4
sample_52a5bad936e2a46b,Co65.3Fe21.7Ni12.9,65.3,21.7,12.9
sample_52bf1bd6a3fc04d1,Co9.4Fe21.7Ni68.8,9.4,21.7,68.8
sample_52fba9c5f59d1a6e,Co80.1Fe3.6Ni16.3,80.1,3.6,16.3
sample_533d4efcde4b5e09,Co84.0Fe3.6Ni12.5,84.0,3.6,12.5
sample_533e3ebfaa4514b5,Co87.8Fe3.6Ni8.6,87.8,3.6,8.6
sample_535c5a38f5dfdeb3,Co56.3Fe26.3Ni17.4,56.3,26.3,17.4
sample_53670bbe8795f9ac,Co69.3Fe5.9Ni24.8,69.3,5.9,24.8
sample_53999ced9251c9e2,Co34.3Fe24.0Ni41.7,34.3,24.0,41.7
sample_56a5159e24f47c86,Co37.9Fe28.5Ni33.6,37.9,28.5,33.6
sample_57123a13a4078727,Co13.2Fe78.5Ni8.4,13.2,78.5,8.4
sample_578045144df9dc47,Co45.8Fe39.9Ni14.4,45.8,39.9,14.4
sample_5870535d106d2328,Co75.3Fe17.2Ni7.5,75.3,17.2,7.5
sample_58e480c9810265ca,Co16.0Fe37.6Ni46.3,16.0,37.6,46.3
sample_59314fc2ca6c65cb,Co53.6Fe10.4Ni36.0,53.6,10.4,36.0
sample_59c8306d5b0c77bb,Co62.4Fe8.1Ni29.4,62.4,8.1,29.4
sample_5a4fa6065bd1233e,Co20.1Fe49.0Ni31.0,20.1,49.0,31.0
sample_5a7f2318ba215fd3,Co17.3Fe46.7Ni36.0,17.3,46.7,36.0
sample_5a9c214bd5ce92a6,Co69.2Fe21.7Ni9.1,69.2,21.7,9.1
sample_5b2efb65c5e4bb4c,Co37.2Fe37.6Ni25.1,37.2,37.6,25.1
sample_5b83d069b536e6bb,Co49.6Fe39.9Ni10.5,49.6,39.9,10.5
sample_5bd16793108f887e,Co43.3Fe19.5Ni37.2,43.3,19.5,37.2
sample_5cb6b31b489929f9,Co47.8Fe24.0Ni28.2,47.8,24.0,28.2
sample_5dbab99728b0e091,Co8.9Fe14.9Ni76.1,8.9,14.9,76.1
sample_5e3fb59114d29051,Co7.0Fe14.9Ni78.0,7.0,14.9,78.0
sample_5eaf45abfb1b3062,Co15.9Fe53.5Ni30.6,15.9,53.5,30.6
sample_5f145e99d7f772c9,Co49.4Fe28.5Ni22.0,49.4,28.5,22.0
sample_5f85083f3ad0cc54,Co33.6Fe49.0Ni17.5,33.6,49.0,17.5
sample_6034088386a6985e,Co40.9Fe12.7Ni46.4,40.9,12.7,46.4
sample_604193c63174034b,Co39.8Fe28.5Ni31.7,39.8,28.5,31.7
sample_60488776f1a713ed,Co5.5Fe78.5Ni16.1,5.5,78.5,16.1
sample_60a1cef54e90f2c0,Co52.2Fe17.2Ni30.6,52.2,17.2,30.6
sample_60e5720ecc313f1b,Co17.6Fe42.2Ni40.2,17.6,42.2,40.2
sample_610c17b4dbff2c99,Co76.1Fe19.5Ni4.4,76.1,19.5,4.4
sample_628ad03fd8ff1f07,Co42.4Fe46.7Ni10.9,42.4,46.7,10.9
sample_637c414e903b4519,Co39.0Fe53.5Ni7.5,39.0,53.5,7.5
sample_63ccd0079535b1c1,Co18.2Fe76.2Ni5.7,18.2,76.2,5.7
sample_640e8405618ddc07,Co31.6Fe49.0Ni19.4,31.6,49.0,19.4
sample_641a27fe34a93267,Co70.5Fe3.6Ni25.9,70.5,3.6,25.9
sample_645098f06d890831,Co25.7Fe37.6Ni36.7,25.7,37.6,36.7
sample_645519b52675b905,Co11.5Fe83.0Ni5.5,11.5,83.0,5.5
sample_6582f4341d002ebc,Co30.7Fe62.6Ni6.7,30.7,62.6,6.7
sample_65d64ac85fa8044c,Co75.6Fe12.7Ni11.7,75.6,12.7,11.7
sample_664247a74b555882,Co34.0Fe28.5Ni37.4,34.0,28.5,37.4
sample_666330c99b6867f0,Co66.3Fe8.1Ni25.6,66.3,8.1,25.6
sample_66bf797c053434f2,Co19.1Fe21.7Ni59.2,19.1,21.7,59.2
sample_66cfae3610e4004f,Co17.5Fe30.8Ni51.7,17.5,30.8,51.7
sample_67210e185da260ea,Co13.6Fe58.0Ni28.3,13.6,58.0,28.3
sample_6791453b4484bcf1,Co15.2Fe35.4Ni49.4,15.2,35.4,49.4
sample_67eb9d38ef0c1cd6,Co20.4Fe71.7Ni7.9,20.4,71.7,7.9
sample_68a20b3179434338,Co26.3Fe55.8Ni17.9,26.3,55.8,17.9
sample_6989baab7d00e159,Co54.1Fe17.2Ni28.7,54.1,17.2,28.7
sample_69f9602b6c79192f,Co16.2Fe8.1Ni75.7,16.2,8.1,75.7
sample_6a9a7cd357135780,Co19.3Fe73.9Ni6.8,19.3,73.9,6.8
sample_6b2f66613942a92b,Co28.5Fe10.4Ni61.1,28.5,10.4,61.1
sample_6ba104554cf4f778,Co82.0Fe3.6Ni14.4,82.0,3.6,14.4
sample_6c3e40508e8a70fe,Co39.3Fe8.1Ni52.6,39.3,8.1,52.6
sample_6cc94e10426ff367,Co33.9Fe44.4Ni21.7,33.9,44.4,21.7
sample_6d3f4bf16bbd0132,Co85.9Fe3.6Ni10.5,85.9,3.6,10.5
sample_6d735a17814f7a81,Co10.1Fe12.7Ni77.3,10.1,12.7,77.3
sample_6dd99e0c303ad0fc,Co18.5Fe44.4Ni37.1,18.5,44.4,37.1
sample_6e034f33492f29d4,Co5.9Fe30.8Ni63.3,5.9,30.8,63.3
sample_6e06170a4ad0ccdc,Co7.5Fe21.7Ni70.8,7.5,21.7,70.8
sample_6e4bcb57652646d6,Co37.7Fe3.6Ni58.7,37.7,3.6,58.7
sample_6e50c864f6ce3dc7,Co7.5Fe62.6Ni29.9,7.5,62.6,29.9
sample_6f3912bf84ec7bc7,Co46.2Fe46.7Ni7.1,46.2,46.7,7.1
sample_709c0ada3b099abe,Co42.1Fe51.2Ni6.7,42.1,51.2,6.7
sample_70e9e4ffe4f8c0b0,Co63.3Fe24.0Ni12.7,63.3,24.0,12.7
sample_70f53ba59e901475,Co58.3Fe12.7Ni29.1,58.3,12.7,29.1
sample_7109bd070c3f0fd7,Co23.9Fe49.0Ni27.1,23.9,49.0,27.1
sample_710dacd1b2705857,Co43.6Fe14.9Ni41.4,43.6,14.9,41.4
sample_7143753fb829c7ff,Co31.9Fe44.4Ni23.6,31.9,44.4,23.6
sample_71988e2800cfe20f,Co59.1Fe14.9Ni26.0,59.1,14.9,26.0
sample_71fd2079a1bc652c,Co16.4Fe60.3Ni23.3,16.4,60.3,23.3
sample_7278c1e026f7fd8e,Co24.1Fe33.1Ni42.9,24.1,33.1,42.9
sample_729727c466b3946f,Co24.4Fe28.5Ni47.1,24.4,28.5,47.1
sample_730400b4aad1a51e,Co34.3Fe10.4Ni55.3,34.3,10.4,55.3
sample_732820355ee3c583,Co11.7Fe17.2Ni71.1,11.7,17.2,71.1
sample_733e859ea2354682,Co6.9Fe44.4Ni48.7,6.9,44.4,48.7
sample_73578592fb14b1d3,Co15.5Fe30.8Ni53.6,15.5,30.8,53.6
sample_7365564bc3df40da,Co57.1Fe14.9Ni27.9,57.1,14.9,27.9
sample_73c96cb645b51f55,Co13.1Fe10.4Ni76.5,13.1,10.4,76.5
sample_742136843ab2340a,Co10.0Fe69.4Ni20.7,10.0,69.4,20.7
sample_7424e6377e80f77d,Co68.5Fe3.6Ni27.9,68.5,3.6,27.9
sample_7443fa95bde61aad,Co29.0Fe17.2Ni53.8,29.0,17.2,53.8
sample_746fe6d5c1108823,Co23.6Fe53.5Ni22.9,23.6,53.5,22.9
sample_7521b48dffdcc278,Co52.5Fe26.3Ni21.2,52.5,26.3,21.2
sample_7565c2045cd124fa,Co64.4Fe8.1Ni27.5,64.4,8.1,27.5
sample_758eee5dbec43f43,Co42.2Fe21.7Ni36.1,42.2,21.7,36.1
sample_7647ff5051c220a1,Co21.0Fe62.6Ni16.4,21.0,62.6,16.4
sample_76d6973d74fec7fe,Co18.1Fe49.0Ni32.9,18.1,49.0,32.9
sample_76d6fff732681565,Co17.5Fe58.0Ni24.5,17.5,58.0,24.5
sample_78e0de2840d38d19,Co72.6Fe14.9Ni12.5,72.6,14.9,12.5
sample_791556ac224f3ec2,Co23.3Fe30.8Ni45.9,23.3,30.8,45.9
sample_794f6e8a22c4a3a0,Co36.4Fe21.7Ni41.8,36.4,21.7,41.8
sample_79b01ed342bbc263,Co50.7Fe37.6Ni11.6,50.7,37.6,11.6
sample_79ce8cae9cfddc29,Co51.7Fe10.4Ni37.9,51.7,10.4,37.9
sample_79e248cad6230457,Co57.8Fe5.9Ni36.4,57.8,5.9,36.4
sample_7a1880fc4b9926a1,Co39.7Fe44.4Ni15.9,39.7,44.4,15.9
sample_7a315b561bfe7424,Co50.4Fe42.2Ni7.4,50.4,42.2,7.4
sample_7a663681b0e28d4b,Co19.9Fe64.8Ni15.2,19.9,64.8,15.2
sample_7ab0750310233bd4,Co32.4Fe10.4Ni57.2,32.4,10.4,57.2
sample_7bb2176048414024,Co38.2Fe51.2Ni10.5,38.2,51.2,10.5
sample_7be82d2ee346eba5,Co35.4Fe8.1Ni56.4,35.4,8.1,56.4
sample_7bf51d15a84fc724,Co47.4Fe44.4Ni8.2,47.4,44.4,8.2
sample_7c6fe79b0e7db5d1,Co25.7Fe64.8Ni9.5,25.7,64.8,9.5
sample_7d0543afeccd4937,Co7.0Fe28.5Ni64.4,7.0,28.5,64.4
sample_7d50a51160753d90,Co21.6Fe12.7Ni65.7,21.6,12.7,65.7
sample_7d6760bcfba0f00a,Co12.8Fe55.8Ni31.4,12.8,55.8,31.4
sample_7da7c80fcc390c35,Co17.7Fe69.4Ni12.9,17.7,69.4,12.9
sample_7e29bac89991bdc8,Co27.9Fe19.5Ni52.6,27.9,19.5,52.6
sample_7e62140513df6cd8,Co76.4Fe14.9Ni8.6,76.4,14.9,8.6
sample_7ec29d3c5a93f365,Co5.0Fe71.7Ni23.4,5.0,71.7,23.4
sample_7f48960ac6fa025e,Co79.0Fe5.9Ni15.2,79.0,5.9,15.2
sample_7f4f68f4146ccfb5,Co69.0Fe10.4Ni20.6,69.0,10.4,20.6
sample_7f554e6f85c1e164,Co22.3Fe71.7Ni6.0,22.3,71.7,6.0
sample_7f88feebaf0b8277,Co12.1Fe80.7Ni7.2,12.1,80.7,7.2
sample_7fe118fbaa17294e,Co58.8Fe33.1Ni8.2,58.8,33.1,8.2
sample_80137f3d4b1f6ab3,Co24.6Fe67.1Ni8.3,24.6,67.1,8.3
sample_8028f4f0c58f66e5,Co33.8Fe3.6Ni62.6,33.8,3.6,62.6
sample_814ddfcd8f28fd44,Co14.3Fe76.2Ni9.5,14.3,76.2,9.5
sample_81cde899b4a6d576,Co20.3Fe3.6Ni76.1,20.3,3.6,76.1
sample_81d48eecf4c70b6e,Co18.1Fe8.1Ni73.8,18.1,8.1,73.8
sample_81fd2e8112b64c77,Co8.5Fe85.3Ni6.3,8.5,85.3,6.3
sample_82d3fb1adf2f1138,Co45.9Fe24.0Ni30.1,45.9,24.0,30.1
sample_831b8717875e4d15,Co4.8Fe19.5Ni75.8,4.8,19.5,75.8
sample_833395124dd1ab20,Co44.0Fe51.2Ni4.8,44.0,51.2,4.8
sample_83cd1c4e48e56d09,Co47.1Fe49.0Ni4.0,47.1,49.0,4.0
sample_8560b1ea5a1f0fe7,Co69.0Fe24.0Ni7.0,69.0,24.0,7.0
sample_863e9dbcb0e8bcbf,Co10.9Fe28.5Ni60.6,10.9,28.5,60.6
sample_86bf09597267b1e3,Co51.5Fe39.9Ni8.6,51.5,39.9,8.6
sample_86ddb9311c307f4c,Co20.2Fe60.3Ni19.5,20.2,60.3,19.5
sample_880dd687581d1a3a,Co9.6Fe73.9Ni16.4,9.6,73.9,16.4
sample_890d99628b79b0a9,Co9.3Fe24.0Ni66.7,9.3,24.0,66.7
sample_89ee9fbc030680b6,Co38.5Fe46.7Ni14.8,38.5,46.7,14.8
sample_89f0719365d1fa9d,Co78.2Fe3.6Ni18.2,78.2,3.6,18.2
sample_8a53452f244b438a,Co43.2Fe8.1Ni48.7,43.2,8.1,48.7
sample_8aea9f3b9ce7b946,Co39.5Fe19.5Ni41.1,39.5,19.5,41.1
sample_8c9c60a7e46f33b9,Co5.1Fe55.8Ni39.1,5.1,55.8,39.1
sample_8d1e9ef1bf012e11,Co35.1Fe26.3Ni38.6,35.1,26.3,38.6
sample_8e174fba86e66f8a,Co18.4Fe3.6Ni78.0,18.4,3.6,78.0
sample_90181cd07eee1936,Co15.0Fe10.4Ni74.6,15.0,10.4,74.6
sample_9062aa4284293250,Co26.3Fe28.5Ni45.1,26.3,28.5,45.1
sample_906d9046ddf6ce99,Co22.0Fe8.1Ni69.9,22.0,8.1,69.9
sample_90b261a1fdd7d080,Co25.8Fe8.1Ni66.1,25.8,8.1,66.1
sample_90c681d8254c97be,Co11.3Fe78.5Ni10.3,11.3,78.5,10.3
sample_911170659e39276b,Co22.5Fe28.5Ni49.0,22.5,28.5,49.0
sample_914361f3a61c59d1,Co56.8Fe19.5Ni23.7,56.8,19.5,23.7
sample_9191ac33784b4ed5,Co12.0Fe53.5Ni34.5,12.0,53.5,34.5
sample_91fb08e010a4400f,Co5.6Fe35.4Ni59.1,5.6,35.4,59.1
sample_9392874b1c3c6c7d,Co24.4Fe14.9Ni60.7,24.4,14.9,60.7
sample_93eac6a81f835da0,Co19.3Fe46.7Ni34.0,19.3,46.7,34.0
sample_94bd22ce6ece9efa,Co61.3Fe24.0Ni14.7,61.3,24.0,14.7
sample_94c689d48f5df702,Co44.6Fe42.2Ni13.2,44.6,42.2,13.2
sample_94c6ac6a72c77ba7,Co63.6Fe5.9Ni30.6,63.6,5.9,30.6
sample_96782b7e46e8a762,Co59.9Fe17.2Ni22.9,59.9,17.2,22.9
sample_970e40ab79db4013,Co4.0Fe58.0Ni38.0,4.0,58.0,38.0
sample_97276fd8d2a0f9b8,Co9.3Fe51.2Ni39.5,9.3,51.2,39.5
sample_97836f405d807e54,Co13.6Fe30.8Ni55.6,13.6,30.8,55.6
sample_97869d4806d98173,Co41.7Fe28.5Ni29.7,41.7,28.5,29.7
sample_979433e9c9792420,Co47.3Fe3.6Ni49.1,47.3,3.6,49.1
sample_988cd0408855476f,Co20.5Fe28.5Ni50.9,20.5,28.5,50.9
sample_98987f78e68487d3,Co72.2Fe19.5Ni8.3,72.2,19.5,8.3
sample_98ed7225d099b825,Co27.6Fe37.6Ni34.8,27.6,37.6,34.8
sample_9938fa7593bae431,Co9.3Fe10.4Ni80.3,9.3,10.4,80.3
sample_99b03d68358f082d,Co23.9Fe8.1Ni68.0,23.9,8.1,68.0
sample_9a2d5feea295fe6d,Co50.6Fe12.7Ni36.8,50.6,12.7,36.8
sample_9a824e9531331ff5,Co39.0Fe26.3Ni34.7,39.0,26.3,34.7
sample_9a8f7134d9942e62,Co14.7Fe14.9Ni70.3,14.7,14.9,70.3
sample_9aee09f420dde5dc,Co89.7Fe3.6Ni6.7,89.7,3.6,6.7
sample_9b930b1b634d927e,Co40.6Fe30.8Ni28.6,40.6,30.8,28.6
sample_9bbbc469adbf2c54,Co17.3Fe5.9Ni76.9,17.3,5.9,76.9
sample_9c13fc642ce93c36,Co54.9Fe19.5Ni25.6,54.9,19.5,25.6
sample_9c9ff4d2929be44a,Co29.1Fe58.0Ni12.9,29.1,58.0,12.9
sample_9d6fb3be4687059c,Co38.4Fe35.4Ni26.3,38.4,35.4,26.3
sample_9d8fb3a1ff02d2f6,Co11.7Fe58.0Ni30.2,11.7,58.0,30.2
sample_9da46457ec16884d,Co37.1Fe12.7Ni50.3,37.1,12.7,50.3
sample_9ebbc837402e4148,Co49.7Fe10.4Ni39.9,49.7,10.4,39.9
sample_9ef55076685ae9d4,Co22.1Fe33.1Ni44.8,22.1,33.1,44.8
sample_9f05430e848e9010,Co3.9Fe73.9Ni22.2,3.9,73.9,22.2
sample_9f74c8c1f0305bc0,Co15.1Fe24.0Ni60.9,15.1,24.0,60.9
sample_9f82ef7de6d11f2e,Co4.8Fe33.1Ni62.1,4.8,33.1,62.1
sample_9fdaeb03efce70a6,Co7.2Fe67.1Ni25.7,7.2,67.1,25.7
sample_a01b7406b566151a,Co67.6Fe17.2Ni15.2,67.6,17.2,15.2
sample_a03a95174dd73aaa,Co73.4Fe17.2Ni9.4,73.4,17.2,9.4
sample_a06d75eb12769a76,Co29.7Fe8.1Ni62.2,29.7,8.1,62.2
sample_a0a174d60fe29f0d,Co18.8Fe67.1Ni14.1,18.8,67.1,14.1
sample_a10a649a12112e71,Co8.7Fe60.3Ni31.0,8.7,60.3,31.0
sample_a13010f1971fb873,Co65.7Fe17.2Ni17.1,65.7,17.2,17.1
sample_a13529597eeeb8a1,Co24.9Fe21.7Ni53.4,24.9,21.7,53.4
sample_a19ce8784e77732e,Co77.9Fe8.1Ni14.0,77.9,8.1,14.0
sample_a1f80993d7d38311,Co9.1Fe39.9Ni51.0,9.1,39.9,51.0
sample_a265c7064c89e1ba,Co32.3Fe39.9Ni27.8,32.3,39.9,27.8
sample_a2a36c842f8fe4a9,Co32.6Fe21.7Ni45.7,32.6,21.7,45.7
sample_a2abb1a1686e4bbc,Co28.2Fe28.5Ni43.2,28.2,28.5,43.2
sample_a2dde4cb8fd9daa5,Co53.8Fe21.7Ni24.5,53.8,21.7,24.5
sample_a35298026eb3ad86,Co54.7Fe8.1Ni37.2,54.7,8.1,37.2
sample_a417b9585f89bdb6,Co24.7Fe24.0Ni51.3,24.7,24.0,51.3
sample_a418b157f231d020,Co49.9Fe35.4Ni14.7,49.9,35.4,14.7
sample_a4beb6fd87ef6838,Co48.6Fe26.3Ni25.1,48.6,26.3,25.1
sample_a4d01dd3f9acff6f,Co31.3Fe12.7Ni56.1,31.3,12.7,56.1
sample_a5a66db77f4e922c,Co15.9Fe12.7Ni71.5,15.9,12.7,71.5
sample_a64291204288345b,Co42.2Fe35.4Ni22.4,42.2,35.4,22.4
sample_a7570e39258103f3,Co71.8Fe12.7Ni15.6,71.8,12.7,15.6
sample_a829f4ee679a6a7f,Co17.0Fe51.2Ni31.8,17.0,51.2,31.8
sample_a850565898b43a05,Co27.1Fe30.8Ni42.1,27.1,30.8,42.1
sample_a898c36be39fbe3f,Co74.2Fe19.5Ni6.4,74.2,19.5,6.4
sample_a8c465c593225c7a,Co11.9Fe69.4Ni18.7,11.9,69.4,18.7
sample_a97956f462a66245,Co49.4Fe14.9Ni35.6,49.4,14.9,35.6
sample_a98a2de74d0667d7,Co27.1Fe58.0Ni14.8,27.1,58.0,14.8
sample_a9c2d5439b8af779,Co21.7Fe53.5Ni24.8,21.7,53.5,24.8
sample_a9f18d26ed007dd1,Co66.0Fe12.7Ni21.4,66.0,12.7,21.4
sample_aa13830ba79a99cb,Co23.4Fe42.2Ni34.4,23.4,42.2,34.4
sample_aad2d99f99be611c,Co42.4Fe5.9Ni51.8,42.4,5.9,51.8
sample_ab12c39f0eb79c6e,Co78.3Fe14.9Ni6.7,78.3,14.9,6.7
sample_ab17642acae46ba3,Co25.4Fe69.4Ni5.2,25.4,69.4,5.2
sample_ab99d2f180eadf85,Co45.6Fe14.9Ni39.5,45.6,14.9,39.5
sample_abe3aa8c0fa6491f,Co7.7Fe46.7Ni45.6,7.7,46.7,45.6
sample_ac49d2f5f1ec98b2,Co21.5Fe42.2Ni36.3,21.5,42.2,36.3
sample_ac7221946e7e2348,Co79.5Fe12.7Ni7.9,79.5,12.7,7.9
sample_acada4314ce4b2ee,Co88.6Fe5.9Ni5.5,88.6,5.9,5.5
sample_ada3f561b61706bf,Co27.5Fe53.5Ni19.0,27.5,53.5,19.0
sample_add04c4db7ffb4e0,Co10.9Fe14.9Ni74.2,10.9,14.9,74.2
sample_ae3370db56858f89,Co26.6Fe10.4Ni63.0,26.6,10.4,63.0
sample_ae89b4156e17da39,Co71.1Fe21.7Ni7.1,71.1,21.7,7.1
sample_ae98d878a8275953,Co78.7Fe10.4Ni10.9,78.7,10.4,10.9
sample_aebfa5aec4ec0a34,Co6.7Fe19.5Ni73.8,6.7,19.5,73.8
sample_af07298e5e2f2467,Co32.1Fe28.5Ni39.4,32.1,28.5,39.4
sample_afbc30772b95e2b5,Co67.1Fe10.4Ni22.5,67.1,10.4,22.5
sample_b07078f767173a95,Co12.7Fe44.4Ni42.9,12.7,44.4,42.9
sample_b07a202eebec189f,Co52.0Fe5.9Ni42.2,52.0,5.9,42.2
sample_b0c9959ee39e4cbd,Co32.1Fe14.9Ni53.0,32.1,14.9,53.0
sample_b12547edbd11f3bf,Co5.1Fe28.5Ni66.4,5.1,28.5,66.4
sample_b1278783f4ec74ae,Co14.6Fe44.4Ni41.0,14.6,44.4,41.0
sample_b1abef67f90a22de,Co72.1Fe8.1Ni19.8,72.1,8.1,19.8
sample_b2579ae0cb477eb0,Co25.5Fe26.3Ni48.2,25.5,26.3,48.2
sample_b267025190f609d8,Co55.8Fe5.9Ni38.3,55.8,5.9,38.3
sample_b2c4ef1e31793e99,Co10.1Fe80.7Ni9.1,10.1,80.7,9.1
sample_b33186480cf169c7,Co10.6Fe60.3Ni29.1,10.6,60.3,29.1
sample_b3d4b36ccd1e80c0,Co33.2Fe26.3Ni40.5,33.2,26.3,40.5
sample_b4e1f6a9baaa2228,Co19.7Fe53.5Ni26.8,19.7,53.5,26.8
sample_b62689db91b56475,Co74.8Fe10.4Ni14.8,74.8,10.4,14.8
sample_b7441857ecf29a5c,Co33.2Fe53.5Ni13.3,33.2,53.5,13.3
sample_b755e7a05f2c1a42,Co10.1Fe26.3Ni63.6,10.1,26.3,63.6
sample_b834891cccc4ce01,Co59.4Fe10.4Ni30.2,59.4,10.4,30.2
sample_b8823673350e44f0,Co13.0Fe39.9Ni47.1,13.0,39.9,47.1
sample_b886d83e7d00b88b,Co55.7Fe35.4Ni8.9,55.7,35.4,8.9
sample_b8d66f7962d5a70e,Co11.4Fe35.4Ni53.3,11.4,35.4,53.3
sample_ba393b25475928de,Co18.3Fe19.5Ni62.3,18.3,19.5,62.3
sample_ba47900dc625a77e,Co58.4Fe37.6Ni3.9,58.4,37.6,3.9
sample_ba6c8ce95be77022,Co28.4Fe67.1Ni4.5,28.4,67.1,4.5
sample_bbfc9e451341af1d,Co11.2Fe24.0Ni64.8,11.2,24.0,64.8
sample_bc976083a36375c2,Co77.2Fe17.2Ni5.6,77.2,17.2,5.6
sample_bcbb998b7fc5bbbc,Co24.7Fe10.4Ni64.9,24.7,10.4,64.9
sample_bcebb1998d287b5e,Co71.0Fe24.0Ni5.0,71.0,24.0,5.0
sample_bd79adb7fa744296,Co55.0Fe3.6Ni41.4,55.0,3.6,41.4
sample_bd8932912a0f7433,Co30.8Fe5.9Ni63.4,30.8,5.9,63.4
sample_be41c02308f89f57,Co63.7Fe17.2Ni19.1,63.7,17.2,19.1
sample_be48004d3ccf426e,Co14.1Fe37.6Ni48.3,14.1,37.6,48.3
sample_bec99ed228889165,Co18.6Fe55.8Ni25.6,18.6,55.8,25.6
sample_bf2efd4e78c3970d,Co54.9Fe33.1Ni12.0,54.9,33.1,12.0
sample_bf9c2257e8246a10,Co71.3Fe5.9Ni22.9,71.3,5.9,22.9
sample_bfe1d886c36a0698,Co22.3Fe44.4Ni33.3,22.3,44.4,33.3
sample_bffe6557cdabc0d5,Co19.1Fe62.6Ni18.3,19.1,62.6,18.3
sample_c0251a9c4063d27b,Co13.8Fe42.2Ni44.1,13.8,42.2,44.1
sample_c0d49f68df81dde8,Co57.5Fe24.0Ni18.5,57.5,24.0,18.5
sample_c15804af44ed5b89,Co66.0Fe26.3Ni7.7,66.0,26.3,7.7
sample_c2166ad8383016cd,Co15.7Fe69.4Ni14.9,15.7,69.4,14.9
sample_c27ffb62c48fb550,Co17.8Fe53.5Ni28.7,17.8,53.5,28.7
sample_c2a0270df5c1ff90,Co9.8Fe30.8Ni59.4,9.8,30.8,59.4
sample_c330af59820d2e02,Co5.4Fe24.0Ni70.6,5.4,24.0,70.6
sample_c3c79f600ae50d34,Co19.7Fe26.3Ni54.0,19.7,26.3,54.0
sample_c3e1532709a37d0a,Co4.3Fe12.7Ni83.1,4.3,12.7,83.1
sample_c4199fbae1316f5f,Co7.8Fe30.8Ni61.4,7.8,30.8,61.4
sample_c4bbbe06aa7e71d8,Co20.7Fe39.9Ni39.4,20.7,39.9,39.4
sample_c4f3333c65c19e0f,Co50.2Fe30.8Ni18.9,50.2,30.8,18.9
sample_c571e8735edfe7b3,Co42.0Fe10.4Ni47.6,42.0,10.4,47.6
sample_c5bd417c24082ba2,Co7.3Fe87.5Ni5.1,7.3,87.5,5.1
sample_c71528abd02d625b,Co16.5Fe71.7Ni11.8,16.5,71.7,11.8
sample_c7f91d2295f16957,Co28.1Fe3.6Ni68.4,28.1,3.6,68.4
sample_c811a619cfe19a0f,Co37.1Fe26.3Ni36.7,37.1,26.3,36.7
sample_c93b1d0ca854ef53,Co28.6Fe24.0Ni47.4,28.6,24.0,47.4
sample_c944c7ab64ef83c4,Co15.1Fe51.2Ni33.7,15.1,51.2,33.7
sample_ca14af877b9a2b63,Co38.7Fe17.2Ni44.1,38.7,17.2,44.1
sample_ca7a7b3fa08bbc87,Co24.6Fe39.9Ni35.6,24.6,39.9,35.6
sample_cad00e0a57070909,Co28.6Fe51.2Ni20.2,28.6,51.2,20.2
sample_cad91fa7f595ba61,Co51.7Fe24.0Ni24.3,51.7,24.0,24.3
sample_cae5aab030deba8d,Co4.6Fe85.3Ni10.1,4.6,85.3,10.1
sample_cb41f45c93e27138,Co5.4Fe10.4Ni84.2,5.4,10.4,84.2
sample_cb472f5166e92de3,Co15.2Fe21.7Ni63.0,15.2,21.7,63.0
sample_cbde296bfe530464,Co51.9Fe35.4Ni12.8,51.9,35.4,12.8
sample_cc022581013c8374,Co62.1Fe26.3Ni11.6,62.1,26.3,11.6
sample_cc1985420cd5123e,Co52.2Fe30.8Ni17.0,52.2,30.8,17.0
sample_cc2b905a024d25df,Co11.9Fe42.2Ni46.0,11.9,42.2,46.0
sample_cc80d9a48a56ba59,Co11.7Fe30.8Ni57.5,11.7,30.8,57.5
sample_cdee26512f72f1bf,Co29.4Fe26.3Ni44.4,29.4,26.3,44.4
sample_ce0b8071fcdd4e1a,Co66.5Fe19.5Ni14.1,66.5,19.5,14.1
sample_ce76a77976d5ad9f,Co31.5Fe37.6Ni30.9,31.5,37.6,30.9
sample_ceee9c8dd679a632,Co37.9Fe55.8Ni6.3,37.9,55.8,6.3
sample_cf1cbea6c1c1375e,Co4.2Fe69.4Ni26.4,4.2,69.4,26.4
sample_cf5cef725c32bf78,Co54.6Fe37.6Ni7.8,54.6,37.6,7.8
sample_d08be3f7a3ae45e5,Co14.0Fe53.5Ni32.5,14.0,53.5,32.5
sample_d24798e38ab51ba9,Co48.6Fe12.7Ni38.7,48.6,12.7,38.7
sample_d24dc47f03ab6650,Co8.6Fe33.1Ni58.3,8.6,33.1,58.3
sample_d2afae7d4118b095,Co45.6Fe28.5Ni25.9,45.6,28.5,25.9
sample_d2ef94901f9b83d0,Co44.0Fe24.0Ni32.0,44.0,24.0,32.0
sample_d322cf8585e361f7,Co18.5Fe71.7Ni9.9,18.5,71.7,9.9
sample_d55640fb9ce658c4,Co32.7Fe5.9Ni61.4,32.7,5.9,61.4
sample_d55b121d7a1a9a3c,Co6.5Fe85.3Ni8.2,6.5,85.3,8.2
sample_d567077db0a30408,Co31.0Fe58.0Ni11.0,31.0,58.0,11.0
sample_d64f3a1a105be278,Co26.7Fe51.2Ni22.1,26.7,51.2,22.1
sample_d677fe7d3d9dad50,Co58.0Fe30.8Ni11.2,58.0,30.8,11.2
sample_d708ec441edd238a,Co11.1Fe39.9Ni49.1,11.1,39.9,49.1
sample_d721bbfcbf66b43a,Co53.8Fe35.4Ni10.9,53.8,35.4,10.9
sample_d73e9104b9c08773,Co44.8Fe12.7Ni42.6,44.8,12.7,42.6
sample_d7c85a0e5e844b66,Co10.4Fe76.2Ni13.4,10.4,76.2,13.4
sample_d81876624d54dba5,Co28.1Fe44.4Ni27.5,28.1,44.4,27.5
sample_d857611d4dc9f7a9,Co48.3Fe30.8Ni20.9,48.3,30.8,20.9
sample_d864bc68977890c9,Co36.4Fe35.4Ni28.2,36.4,35.4,28.2
sample_d8835dc53f9628cd,Co49.8Fe24.0Ni26.2,49.8,24.0,26.2
sample_d96e8df37d3501fb,Co45.4Fe44.4Ni10.1,45.4,44.4,10.1
sample_d9cb3a1ccb664c7e,Co9.4Fe35.4Ni55.2,9.4,35.4,55.2
sample_db382b51f5b52584,Co33.7Fe19.5Ni46.8,33.7,19.5,46.8
sample_dc5429d9681eebbe,Co60.7Fe19.5Ni19.9,60.7,19.5,19.9
sample_dd6712fca09a1a41,Co42.7Fe42.2Ni15.1,42.7,42.2,15.1
sample_dd71f017b9d5e4a5,Co38.5Fe5.9Ni55.6,38.5,5.9,55.6
sample_ddbfdc6c10761ee2,Co5.6Fe62.6Ni31.8,5.6,62.6,31.8
sample_ddd1e7e0acfebf0c,Co39.6Fe3.6Ni56.8,39.6,3.6,56.8
sample_de216a712a68661d,Co9.3Fe78.5Ni12.2,9.3,78.5,12.2
sample_de9fbf0f45cc78f6,Co14.9Fe67.1Ni17.9,14.9,67.1,17.9
sample_deadaa29f61cee63,Co5.9Fe58.0Ni36.0,5.9,58.0,36.0
sample_dfeceb5241085dc2,Co26.0Fe33.1Ni40.9,26.0,33.1,40.9
sample_e036ee454a67e2f7,Co15.3Fe62.6Ni22.2,15.3,62.6,22.2
sample_e07c46cb9950a81c,Co47.2Fe19.5Ni33.3,47.2,19.5,33.3
sample_e18f35ea600d1261,Co76.2Fe3.6Ni20.2,76.2,3.6,20.2
sample_e1b06f2880e09eab,Co41.7Fe14.9Ni43.4,41.7,14.9,43.4
sample_e1f0290de9996c34,Co48.3Fe17.2Ni34.5,48.3,17.2,34.5
sample_e200254cb914d3a6,Co24.3Fe71.7Ni4.1,24.3,71.7,4.1
sample_e283b74a305223a4,Co37.4Fe49.0Ni13.6,37.4,49.0,13.6
sample_e2ce822bb0f7a331,Co55.7Fe21.7Ni22.6,55.7,21.7,22.6
sample_e2fa86a10fb3f4c4,Co40.0Fe39.9Ni20.1,40.0,39.9,20.1
sample_e3247080d43bf62c,Co5.8Fe46.7Ni47.5,5.8,46.7,47.5
sample_e3a7fdbac1fb4c23,Co10.6Fe19.5Ni70.0,10.6,19.5,70.0
sample_e42b830f24123b5d,Co43.5Fe3.6Ni52.9,43.5,3.6,52.9
sample_e4680e5ab809eafb,Co44.3Fe5.9Ni49.9,44.3,5.9,49.9
sample_e4a5e1effefbf94d,Co37.7Fe44.4Ni17.8,37.7,44.4,17.8
sample_e52299c9fa2b43f2,Co61.8Fe17.2Ni21.0,61.8,17.2,21.0
sample_e5dec28dd5b986ce,Co6.4Fe37.6Ni56.0,6.4,37.6,56.0
sample_e6812ba9f5b9ead0,Co48.5Fe42.2Ni9.4,48.5,42.2,9.4
sample_e708afb37cad99fe,Co49.9Fe21.7Ni28.3,49.9,21.7,28.3
sample_e730a8284ef8f3b8,Co45.4Fe3.6Ni51.0,45.4,3.6,51.0
sample_e75144f67413aa57,Co28.3Fe55.8Ni16.0,28.3,55.8,16.0
sample_e7d7751df1ce520f,Co14.4Fe33.1Ni52.5,14.4,33.1,52.5
sample_e89fe3946adc5f40,Co9.6Fe46.7Ni43.7,9.6,46.7,43.7
sample_e8ffaa4bc86fe3e4,Co6.6Fe49.0Ni44.5,6.6,49.0,44.5
sample_ea266a4c2491aa82,Co12.0Fe26.3Ni61.7,12.0,26.3,61.7
sample_ebaa164d27fb8f93,Co49.3Fe44.4Ni6.3,49.3,44.4,6.3
sample_ebde6e2ae3eecddb,Co80.9Fe5.9Ni13.2,80.9,5.9,13.2
sample_eca3aeed70f5be4f,Co30.2Fe55.8Ni14.0,30.2,55.8,14.0
sample_ecd6598605389971,Co6.6Fe76.2Ni17.2,6.6,76.2,17.2
sample_ed5815303f42edfb,Co41.4Fe33.1Ni25.5,41.4,33.1,25.5
sample_edd26730f4ee7046,Co11.4Fe62.6Ni26.0,11.4,62.6,26.0
sample_ee24c2828bdee5f1,Co32.4Fe51.2Ni16.3,32.4,51.2,16.3
sample_ee761f76d0c9b035,Co15.4Fe73.9Ni10.7,15.4,73.9,10.7
sample_ef84d5912a9c6306,Co44.1Fe35.4Ni20.5,44.1,35.4,20.5
sample_efa2c4742d974655,Co8.6Fe19.5Ni71.9,8.6,19.5,71.9
sample_efb869ab0032b39f,Co29.6Fe64.8Ni5.6,29.6,64.8,5.6
sample_f09752ea14ae2e0b,Co20.5Fe14.9Ni64.6,20.5,14.9,64.6
sample_f0a0554bd59f4993,Co18.3Fe33.1Ni48.6,18.3,33.1,48.6
sample_f1114d3d650dff32,Co45.3Fe33.1Ni21.6,45.3,33.1,21.6
sample_f1890895793f2b1e,Co70.3Fe19.5Ni10.2,70.3,19.5,10.2
sample_f196228529fe951a,Co37.1Fe53.5Ni9.4,37.1,53.5,9.4
sample_f1a44c523077d19b,Co29.0Fe30.8Ni40.1,29.0,30.8,40.1
sample_f1b8d8f74ad3104c,Co10.3Fe37.6Ni52.1,10.3,37.6,52.1
sample_f1e603561a98f940,Co84.8Fe5.9Ni9.4,84.8,5.9,9.4
sample_f2844b21f86abce1,Co32.6Fe35.4Ni32.1,32.6,35.4,32.1
sample_f292ebf6d5a2942c,Co75.9Fe8.1Ni15.9,75.9,8.1,15.9
sample_f2f710490baff64a,Co26.5Fe39.9Ni33.6,26.5,39.9,33.6
sample_f3482dd31be95484,Co62.9Fe14.9Ni22.1,62.9,14.9,22.1
sample_f3ef682d6a96282f,Co20.4Fe44.4Ni35.2,20.4,44.4,35.2
sample_f42490786dc43e28,Co17.8Fe26.3Ni55.9,17.8,26.3,55.9
sample_f4a19f4da40f8d66,Co32.9Fe58.0Ni9.0,32.9,58.0,9.0
sample_f56d8433dc704f01,Co56.5Fe37.6Ni5.9,56.5,37.6,5.9
sample_f5c3da5abec8822e,Co43.3Fe33.1Ni23.6,43.3,33.1,23.6
sample_f5cffbfe4f85d696,Co29.8Fe33.1Ni37.1,29.8,33.1,37.1
sample_f5e56023eed2b397,Co11.2Fe51.2Ni37.5,11.2,51.2,37.5
sample_f601c4536af80eb2,Co49.1Fe33.1Ni17.8,49.1,33.1,17.8
sample_f618f51133dfdd2a,Co59.1Fe28.5Ni12.4,59.1,28.5,12.4
sample_f63150c7981f0b36,Co57.2Fe28.5Ni14.3,57.2,28.5,14.3
sample_f7161bc20a0d485d,Co32.8Fe46.7Ni20.6,32.8,46.7,20.6
sample_f7f79fef728ad177,Co58.8Fe19.5Ni21.8,58.8,19.5,21.8
sample_f9a4447fb947c558,Co5.4Fe51.2Ni43.3,5.4,51.2,43.3
sample_f9d9fb5ce343a15d,Co54.1Fe30.8Ni15.1,54.1,30.8,15.1
sample_fa180a8f6d0626d1,Co73.1Fe21.7Ni5.2,73.1,21.7,5.2
sample_fa69bf5289436bcb,Co18.6Fe14.9Ni66.5,18.6,14.9,66.5
sample_fabed5532454b4a4,Co86.7Fe5.9Ni7.5,86.7,5.9,7.5
sample_fb09191d42090937,Co36.1Fe39.9Ni24.0,36.1,39.9,24.0
sample_fb6ad5dfcdd244e3,Co50.6Fe26.3Ni23.2,50.6,26.3,23.2
sample_fc27fc3b8d67f4ba,Co43.8Fe39.9Ni16.3,43.8,39.9,16.3
sample_fce28555ab3dadf7,Co9.8Fe58.0Ni32.2,9.8,58.0,32.2
sample_fd4045440462781a,Co13.5Fe46.7Ni39.8,13.5,46.7,39.8
sample_fda7fe74a32bda96,Co30.0Fe3.6Ni66.4,30.0,3.6,66.4
sample_fdb9fbc0d63814ce,Co15.1Fe78.5Ni6.4,15.1,78.5,6.4
sample_fe2821877d2c50eb,Co29.4Fe53.5Ni17.1,29.4,53.5,17.1
sample_fe2c216af0cfe3ca,Co35.1Fe12.7Ni52.2,35.1,12.7,52.2
sample_fe63048037145844,Co25.4Fe42.2Ni32.5,25.4,42.2,32.5
sample_fe67b1d9dd27c220,Co18.8Fe39.9Ni41.3,18.8,39.9,41.3
sample_fe68206662341816,Co81.4Fe12.7Ni5.9,81.4,12.7,5.9
sample_fed05d43e8e03063,Co21.0Fe21.7Ni57.3,21.0,21.7,57.3
sample_ff23c0f545c80e63,Co48.2Fe46.7Ni5.1,48.2,46.7,5.1
sample_ff3838ebd1f2c44d,Co52.3Fe42.2Ni5.5,52.3,42.2,5.5
sample_ff626ecaa0d7fc54,Co45.3Fe19.5Ni35.3,45.3,19.5,35.3
sample_ff7f69b9680bd627,Co8.2Fe80.7Ni11.1,8.2,80.7,11.1
sample_ffa40e72ffdc1bca,Co42.8Fe12.7Ni44.5,42.8,12.7,44.5
sample_ffbff74a38f8d339,Co28.7Fe35.4Ni35.9,28.7,35.4,35.9
sample_ffff753676f7aa96,Co13.3Fe62.6Ni24.1,13.3,62.6,24.1
