sample_id,design,co_at_pct,fe_at_pct,ni_at_pct,coercivity_mt,kerr_rotation_mrad
sample_09f68db8795e2db5,Co4.0Fe30.8Ni65.2,4.0,30.8,65.2,1.6368,0.12651
sample_1eaee567879b1a2d,Co31.8Fe33.1Ni35.1,31.8,33.1,35.1,2.5396,0.39054
sample_4ba8e5a292692117,Co91.7Fe3.6Ni4.7,91.7,3.6,4.7,2.1712,0.48591
sample_6466c03d53c0a611,Co62.6Fe33.1Ni4.3,62.6,33.1,4.3,3.5941,0.60801
sample_7d75de137119c3c5,Co8.8Fe3.6Ni87.6,8.8,3.6,87.6,2.5139,0.025502
sample_8d54c8bfd9f0290b,Co32.6Fe62.6Ni4.8,32.6,62.6,4.8,4.027,0.76474
sample_c43148eb9897fd62,Co66.6Fe3.6Ni29.8,66.6,3.6,29.8,7.0982,0.27286
sample_d98721495e29ef75,Co4.5Fe64.8Ni30.7,4.5,64.8,30.7,2.474,0.26363
sample_effa5c864d772441,Co4.3Fe89.8Ni5.9,4.3,89.8,5.9,2.5652,0.59703
sample_f6f167508c04bec2,Co31.9Fe3.6Ni64.5,31.9,3.6,64.5,7.0843,0.0297
