position,wild_aa,in_design_space,n_catalog_variants
1,M,0,0
2,N,0,0
3,I,1,12
4,Q,0,0
5,I,0,0
6,G,1,15
7,E,1,13
8,L,0,0
9,A,0,0
10,K,0,0
11,R,0,0
12,T,0,0
13,A,0,0
14,C,0,0
15,P,1,12
16,V,1,9
17,V,0,0
18,T,0,0
19,I,0,0
20,R,1,15
21,F,1,16
22,Y,1,16
23,E,0,0
24,Q,0,0
25,E,0,0
26,G,0,0
27,L,1,16
28,L,1,17
29,P,0,0
30,P,1,16
31,P,0,0
32,G,0,0
33,R,1,14
34,S,0,0
35,R,0,0
36,G,1,9
37,N,0,0
38,F,0,0
39,R,1,11
40,L,0,0
41,Y,1,17
42,G,0,0
43,E,1,12
44,E,0,0
45,H,0,0
46,V,1,14
47,E,0,0
48,R,0,0
49,L,0,0
50,Q,0,0
51,F,0,0
52,I,0,0
53,R,0,0
54,H,0,0
55,C,1,13
56,R,0,0
57,S,0,0
58,L,1,15
59,D,0,0
60,M,1,36
61,P,1,41
62,L,1,10
63,S,0,0
64,D,1,41
65,V,0,0
66,R,0,0
67,T,0,0
68,L,1,12
69,L,0,0
70,S,0,0
71,Y,0,0
72,R,0,0
73,K,0,0
74,R,0,0
75,P,0,0
76,D,0,0
77,Q,0,0
78,D,0,0
79,C,1,10
80,G,0,0
81,E,0,0
82,V,1,12
83,N,1,10
84,M,0,0
85,L,1,12
86,L,0,0
87,D,0,0
88,E,0,0
89,H,1,11
90,I,1,12
91,R,0,0
92,Q,0,0
93,V,0,0
94,E,1,10
95,S,0,0
96,R,0,0
97,I,1,10
98,G,0,0
99,A,0,0
100,L,0,0
101,L,0,0
102,E,0,0
103,L,0,0
104,K,1,39
105,H,0,0
106,H,0,0
107,L,1,38
108,V,1,11
109,E,1,13
110,L,1,11
111,R,1,13
112,E,1,14
113,A,0,0
114,C,1,11
115,S,0,0
116,G,0,0
117,A,0,0
118,R,0,0
119,P,0,0
120,A,0,0
121,Q,0,0
122,S,0,0
123,C,1,15
124,G,0,0
125,I,1,13
126,L,1,14
127,Q,0,0
128,G,1,52
129,L,1,15
130,S,0,0
131,D,1,12
132,C,0,0
133,V,0,0
134,C,1,11
135,D,1,11
136,T,0,0
137,R,0,0
138,G,0,0
139,T,0,0
140,T,0,0
141,A,0,0
142,H,0,0
143,P,1,13
144,S,0,0
145,D,0,0
