variant_id,note,lead_response,zinc_response
A113A,synonymous substitution; sequence identical to the reference,1.00548085529428,0.919999353871947
A117A,synonymous substitution; sequence identical to the reference,1.02056794084229,0.899446555846607
A120A,synonymous substitution; sequence identical to the reference,0.992532798349204,0.872816460266898
A13A,synonymous substitution; sequence identical to the reference,1.02459177388089,1.19219007489742
A141A,synonymous substitution; sequence identical to the reference,0.98556679955142,0.948916728439473
A99A,synonymous substitution; sequence identical to the reference,0.971442482127767,0.865130552757444
A9A,synonymous substitution; sequence identical to the reference,0.981763634832826,0.898356508621779
C114C,synonymous substitution; sequence identical to the reference,1.00132109212169,0.879282518566778
C123C,synonymous substitution; sequence identical to the reference,0.963564913410284,0.912711924754113
C134C,synonymous substitution; sequence identical to the reference,1.11067492368225,0.886630230581615
C55C,synonymous substitution; sequence identical to the reference,1.06533031199503,1.12184846800614
C79C,synonymous substitution; sequence identical to the reference,0.997367554851883,1.08282516337824
D131D,synonymous substitution; sequence identical to the reference,1.06092989748552,1.15060867789333
D135D,synonymous substitution; sequence identical to the reference,1.04362933035797,1.10248149992467
D64D,synonymous substitution; sequence identical to the reference,1.06025239503398,1.22271924967486
E109E,synonymous substitution; sequence identical to the reference,1.01503038647681,1.16667846243063
E112E,synonymous substitution; sequence identical to the reference,1.0308697316549,1.07130070759857
E43E,synonymous substitution; sequence identical to the reference,0.936659641998941,0.954466325265775
E7E,synonymous substitution; sequence identical to the reference,0.963597313062303,1.21175066838711
E94E,synonymous substitution; sequence identical to the reference,0.960682437241533,1.0315463322122
F21F,synonymous substitution; sequence identical to the reference,1.01868768844864,1.14105394769507
G128G,synonymous substitution; sequence identical to the reference,1.06121837310397,1.08735305673656
G36G,synonymous substitution; sequence identical to the reference,0.986194089544599,1.20642437646593
G6G,synonymous substitution; sequence identical to the reference,1.0293092046761,1.0308898028504
H89H,synonymous substitution; sequence identical to the reference,0.995065998782428,1.06253898878615
I125I,synonymous substitution; sequence identical to the reference,1.04130918920633,1.10133321119893
I3I,synonymous substitution; sequence identical to the reference,1.02941916123048,1.09279128338383
I90I,synonymous substitution; sequence identical to the reference,1.02279941138012,1.05338107035665
I97I,synonymous substitution; sequence identical to the reference,1.01164071387511,1.1552905676171
K104K,synonymous substitution; sequence identical to the reference,0.893031478403044,1.01602611233974
L107L,synonymous substitution; sequence identical to the reference,0.866542271621184,0.9854043848251
L110L,synonymous substitution; sequence identical to the reference,1.01927230276427,0.976913378540246
L126L,synonymous substitution; sequence identical to the reference,1.09176092227737,1.10983495754199
L129L,synonymous substitution; sequence identical to the reference,1.04879006272075,0.932701783913398
L27L,synonymous substitution; sequence identical to the reference,1.00243419377116,1.14052582526348
L28L,synonymous substitution; sequence identical to the reference,1.01180906242475,1.18245444740095
L58L,synonymous substitution; sequence identical to the reference,0.992303360483725,1.03519951138505
L62L,synonymous substitution; sequence identical to the reference,1.00477290898104,1.11724008979691
L68L,synonymous substitution; sequence identical to the reference,1.03077937939456,0.343570548141639
L85L,synonymous substitution; sequence identical to the reference,0.967731656347542,1.11038263522176
M60M,synonymous substitution; sequence identical to the reference,1.00027231706713,1.04070330356432
N83N,synonymous substitution; sequence identical to the reference,1.04056055130113,1.17938590716114
P143P,synonymous substitution; sequence identical to the reference,1.03330247276116,1.08244337801445
P15P,synonymous substitution; sequence identical to the reference,1.02212246009434,1.18514069640664
P30P,synonymous substitution; sequence identical to the reference,1.02697965394138,0.915536096399833
P61P,synonymous substitution; sequence identical to the reference,1.0460673565383,1.08266987761606
R111R,synonymous substitution; sequence identical to the reference,1.03976361399512,1.13374812825941
R20R,synonymous substitution; sequence identical to the reference,0.973313442995292,1.02261156827796
R33R,synonymous substitution; sequence identical to the reference,1.04905088732838,1.16549145881424
R39R,synonymous substitution; sequence identical to the reference,1.08665553199468,1.22776045401096
V108V,synonymous substitution; sequence identical to the reference,1.03638532331589,0.985900626360631
V16V,synonymous substitution; sequence identical to the reference,1.0294784717924,1.13599966645639
V46V,synonymous substitution; sequence identical to the reference,0.977565124852084,1.02799609205758
V82V,synonymous substitution; sequence identical to the reference,1.0693023225001,1.19901381462472
Y22Y,synonymous substitution; sequence identical to the reference,0.99552096880918,1.00204954711829
Y41Y,synonymous substitution; sequence identical to the reference,1.03717681631405,1.11555276819009
