bulk_id,slab_composition,facet,*OCHO,*COOH,*CO,CO*COH,*CHO,*C
mp-81,Au-1.000,100,0.520839035511017,0.317181050777435,-0.299474060535431,0.344139277935028,-0.0196253657341003,1.64630365371704
mp-81,Au-1.000,211,0.459683120250702,0.225883305072784,-0.46684142947197,0.201989591121674,-0.190350890159607,1.75512361526489
mp-1696,Cd-0.500-Pd-0.500,100,-0.736272573471069,-0.263551354408264,-1.44489800930023,-0.576052963733673,-0.576439380645752,0.385740339756012
mp-1696,Cd-0.500-Pd-0.500,211,-0.390175402164459,-0.00022357702255249,-1.10654664039612,-0.0187358856201172,-0.319985598325729,1.3759605884552
mp-79,Zn-1.000,100,-0.357902556657791,0.247486174106598,-0.0169117450714111,0.443998157978058,0.107953190803528,1.45824360847473
mp-79,Zn-1.000,211,-0.533526599407196,0.0660604238510132,-0.126212477684021,0.418818056583404,0.0172845721244812,1.01729679107666
mp-1652,Pd-0.500-Zn-0.500,100,-0.976956725120544,-0.360302835702896,-1.33403205871582,-0.390754759311676,-0.483934313058853,0.252842128276825
mp-1652,Pd-0.500-Zn-0.500,211,-0.446391046047211,-0.0712351202964783,-1.0455105304718,-0.0496640801429748,-0.25480192899704,1.36049246788025
mp-20536,Co-0.500-Sn-0.500,100,-1.65956735610962,-1.31133651733398,-2.43940496444702,-1.7282680273056,-2.04786682128906,-1.20321989059448
mp-20536,Co-0.500-Sn-0.500,211,-1.2397723197937,-0.877281427383423,-2.14829325675964,-1.27759909629822,-1.74736857414246,-0.483676701784134
mp-1573,Pd-0.333-Sn-0.667,100,-0.73681640625,-0.13037109375,-0.8896484375,-0.0986328125,-0.21533203125,1.59375
mp-1573,Pd-0.333-Sn-0.667,211,-0.8408203125,-0.08984375,-0.884765625,-0.04931640625,-0.287841796875,1.21875
mp-11504,Mn-0.250-Zn-0.750,100,-0.778981685638428,-0.672031402587891,-2.34218239784241,-1.77951598167419,-1.61072206497192,-1.82681727409363
mp-11504,Mn-0.250-Zn-0.750,211,-1.33244299888611,-0.989090919494629,-2.50079250335693,-1.75049352645874,-2.12392020225525,-0.705952942371368
mp-864946,Cu-0.250-Mn-0.250-Pd-0.500,100,-1.25956869125366,-1.66881620883942,-2.08116316795349,-2.47698068618774,-1.97945809364319,-1.1894268989563
mp-864946,Cu-0.250-Mn-0.250-Pd-0.500,211,-1.01197969913483,-0.81063038110733,-1.91576170921326,-2.19018816947937,-1.67956328392029,-1.40669357776642
mp-1229012,Ag-0.500-Pd-0.500,100,-0.712293803691864,-0.469840556383133,-1.82349681854248,-0.619885325431824,-0.981695413589478,0.181339383125305
mp-1229012,Ag-0.500-Pd-0.500,211,-0.44654181599617,-0.420981585979462,-1.74677646160126,-0.646262645721436,-1.00387561321259,0.256115853786469
mp-1210215,Pb-0.500-Pd-0.500,100,-0.9345703125,-0.411865234375,-1.314453125,-0.460693359375,-0.55029296875,0.35302734375
mp-1210215,Pb-0.500-Pd-0.500,211,-0.966321639654434,-0.418160411735382,-1.2021484375,-0.477063245773352,-0.5068359375,0.55126953125
mp-11501,Mn-0.250-Ni-0.750,100,-1.33387959003449,-1.43717634677887,-2.10763549804688,-2.37148332595825,-2.12573003768921,-2.43707370758057
mp-11501,Mn-0.250-Ni-0.750,211,-1.30614805221558,-1.15468645095825,-1.93537163734436,-2.3775064945221,-1.82037758827209,-1.7130423784256
mp-865786,Cr-0.250-Pd-0.750,100,-1.44816970825195,-1.37395620346069,-1.94089841842651,-2.79904079437256,-2.1709418296814,-1.87647366523743
mp-865786,Cr-0.250-Pd-0.750,211,-1.40197420120239,-1.05073189735413,-1.77131295204163,-1.5779767036438,-1.62011408805847,-0.880709588527679
mp-784631,Cr-0.333-Ni-0.667,100,-0.949890911579132,-0.550966203212738,-1.7713348865509,-1.50203120708466,-1.21039998531342,-1.16753780841827
mp-784631,Cr-0.333-Ni-0.667,211,-1.23186993598938,-0.96523380279541,-1.88266706466675,-1.8086199760437,-1.51067960262299,-1.19643032550812
mp-2,Pd-1.000,100,0.144420683383942,-0.299742162227631,-1.65734696388245,-1.45202207565308,-0.954176306724548,-1.50717735290527
mp-2,Pd-1.000,211,-0.0933341383934021,-0.405660361051559,-1.76226997375488,-1.44033300876617,-0.953711092472076,-0.674681007862091
mp-22236,Co-0.250-In-0.750,100,-1.3515625,-0.92724609375,-2.2109375,-1.6396484375,-0.9951171875,-0.318115234375
mp-22236,Co-0.250-In-0.750,211,-1.3525390625,-0.931640625,-2.2109375,-1.658203125,-1.09765625,-0.322265625
mp-1775,Au-0.500-Sn-0.500,100,-0.669542729854584,-0.0295314788818359,-0.381687462329865,0.239388704299927,-0.227667987346649,0.696683466434479
mp-1775,Au-0.500-Sn-0.500,211,-0.400540441274643,0.133746325969696,-0.355924069881439,0.481747090816498,-0.0579444766044617,1.46395397186279
mp-30343,Ag-0.750-In-0.250,100,-0.302244365215302,0.286229312419891,-0.206039190292358,0.43363755941391,0.238264203071594,1.62013649940491
mp-30343,Ag-0.750-In-0.250,211,-0.499768316745758,0.199781000614166,-0.195620059967041,0.244751989841461,0.146716117858887,1.93069744110107
mp-989737,Ag-1.000,100,-0.580683052539825,0.189761102199554,-0.338481903076172,0.44214802980423,0.207733511924744,2.43010449409485
mp-989737,Ag-1.000,211,-0.318571954965591,0.220133900642395,-0.347595393657684,0.255442321300507,0.212724626064301,2.44373154640198
mp-1221030,Ni-0.571-Sn-0.429,100,-3.09765625,-0.9814453125,-1.88671875,-3.2109375,-0.54833984375,-3.47265625
mp-1221030,Ni-0.571-Sn-0.429,211,-3.9921875,-2.341796875,-0.14599609375,-2.88623298855441,-1.111328125,0.72900390625
mp-94,Cd-1.000,100,-0.43846070766449,0.321200668811798,-0.0375637412071228,0.53904789686203,0.365493714809418,2.3329131603241
mp-94,Cd-1.000,211,-0.481780886650085,0.307114541530609,-0.0417413711547852,0.485442459583283,0.33920556306839,2.17108178138733
mp-1017579,Au-0.600-In-0.400,100,-3.279296875,-2.306640625,-1.26953125,-0.96875,-0.498779296875,0.49951171875
mp-1017579,Au-0.600-In-0.400,211,-1.845703125,-0.97802734375,-0.1455078125,-2.2048266281446,-3.498046875,-1.974609375
mp-2213,Fe-0.500-Ni-0.500,100,-0.66796875,-2.484375,-3.26554730631937,-5.30859375,-0.576171875,-0.0322265625
mp-2213,Fe-0.500-Ni-0.500,211,-1.650390625,-2.48828125,-3.1953125,-4.1171875,-0.683702485412321,-0.05517578125
mp-567857,Ag-0.385-Cd-0.615,100,-1.048828125,-0.162109375,-0.208984375,0.240234375,0.34228515625,2.396484375
mp-567857,Ag-0.385-Cd-0.615,211,-1.09765625,-0.1787109375,-0.441650390625,0.01220703125,-0.0224609375,2.015625
mp-1018029,Cu-0.500-Pd-0.500,100,-0.254178881645203,-0.318792074918747,-1.71644854545593,-1.54894208908081,-1.4686872959137,-0.893699288368225
mp-1018029,Cu-0.500-Pd-0.500,211,-0.4337457716465,-0.345141440629959,-1.4193149805069,-0.419290661811829,-0.735006928443909,-0.520598590373993
mp-21845,Fe-0.250-Pd-0.750,100,-0.762427270412445,-0.715500175952911,-2.14766979217529,-2.26100301742554,-1.88666105270386,-2.1000611782074
mp-21845,Fe-0.250-Pd-0.750,211,-0.953345239162445,-0.876980781555176,-2.17640519142151,-1.37880921363831,-1.83038997650147,-1.09342169761658
mp-1192361,Co-0.154-Zn-0.846,100,-1.3505859375,-0.43359375,-1.318359375,-0.258056640625,-0.32861328125,0.55029296875
mp-1192361,Co-0.154-Zn-0.846,211,-1.802734375,-1.173828125,-2.12109375,-1.8671875,-1.685546875,-0.279296875
mp-1078721,In-0.250-Pd-0.750,100,0.0356894731521606,-0.121180713176727,-1.5673828125,-1.2568359375,-0.861328125,-0.208984375
mp-1078721,In-0.250-Pd-0.750,211,-0.375780433416367,-0.410411655902862,-1.64453125,-0.94482421875,-0.8623046875,-0.2138671875
mp-611,Ag-0.750-Sn-0.250,100,-0.00939095020294189,0.650055110454559,-0.0575623512268066,0.750668704509735,0.43418151140213,2.26091885566711
mp-611,Ag-0.750-Sn-0.250,211,-0.358811974525452,0.228351831436157,-0.350387305021286,0.249060809612274,0.106682240962982,1.57142090797424
mp-13,Fe-1.000,100,-3.33806777000427,-3.27319097518921,-3.87548685073852,-4.83713817596435,-4.45810031890869,-4.06408882141113
mp-13,Fe-1.000,211,-0.044067919254303,-0.0859963297843933,-0.783504605293274,-1.22590005397797,-0.500215649604797,2.17174100875854
mp-1404,Au-0.500-Cd-0.500,100,-0.695233941078186,0.23522275686264,-0.268688142299652,0.321260392665863,-0.0852438807487488,2.07832360267639
mp-1404,Au-0.500-Cd-0.500,211,-0.617607474327087,0.0849449634552002,-0.415885180234909,0.370703756809235,-0.226704299449921,1.95670747756958
mp-117,Sn-1.000,100,-1.22214162349701,-0.697107553482056,-0.673186779022217,-0.500052094459534,-0.682080566883087,1.09606838226318
mp-117,Sn-1.000,211,-0.940303444862366,-0.164209485054016,-0.360399961471558,0.275902569293976,-0.519082427024841,1.7147068977356
mp-11252,Au-0.667-Mn-0.333,100,-1.84501338005066,-2.33096671104431,-2.86095118522644,-3.43123030662537,-2.72697639465332,-1.94142913818359
mp-11252,Au-0.667-Mn-0.333,211,-0.67907178401947,-0.21376371383667,-1.99213886260986,-1.22990918159485,-1.78446960449219,-1.02757775783539
mp-1212307,In-0.700-Ni-0.300,100,-0.943321108818054,-0.625749111175537,-2.0683445930481,-0.76806640625,-0.93212890625,0.600372493267059
mp-1212307,In-0.700-Ni-0.300,211,-1.18268847465515,-0.656206667423248,-2.0224757194519,-0.27685546875,-0.53515625,0.368827164173126
mp-90,Cr-1.000,100,-1.96124958992004,-2.05664467811585,-3.07247138023377,-3.53585362434387,-2.88915824890137,-3.0766031742096
mp-90,Cr-1.000,211,-1.68084621429443,-1.22704815864563,-1.84552621841431,-2.79773759841919,-2.14091730117798,-1.25593709945679
mp-987,Cu-0.500-Zn-0.500,100,-0.761858642101288,-0.19562828540802,-0.799496948719025,-0.215241432189941,-0.372292369604111,0.329380571842194
mp-987,Cu-0.500-Zn-0.500,211,-0.642954409122467,0.0451078414916992,-0.703602313995361,-0.284214198589325,-0.144383907318115,1.394118309021
mp-1184502,In-1.000,100,-0.591291904449463,0.328395187854767,-0.0868133902549744,0.527373731136322,0.297494828701019,1.76631855964661
mp-1184502,In-1.000,211,-0.571269333362579,0.367619097232819,-0.0941658020019531,0.484037578105927,0.345964252948761,1.58348798751831
mp-21985,Cu-0.700-In-0.300,100,-1.427734375,-0.63720703125,-1.03515625,-0.72119140625,-0.453369140625,0.67529296875
mp-21985,Cu-0.700-In-0.300,211,-1.44086965112293,-0.5126953125,-0.9365234375,-0.710405199482683,-0.354248046875,0.67919921875
mp-522,Au-0.500-Cu-0.500,100,-0.575857400894165,-0.0888173580169678,-0.802417278289795,-0.229501485824585,-0.121170818805695,1.33480429649353
mp-522,Au-0.500-Cu-0.500,211,-0.0568478107452393,0.120164692401886,-0.70755797624588,0.0066608190536499,-0.175747513771057,1.47562003135681
mp-1207450,Fe-0.308-Zn-0.692,100,-2.671875,-1.96875,-1.697265625,-1.4453125,-0.8955078125,-1.443359375
mp-1207450,Fe-0.308-Zn-0.692,211,-2.24609375,-1.5703125,-2.1796875,-2.212890625,-1.3671875,-1.421875
mp-1183837,Co-0.750-Ni-0.250,100,-1.32947325706482,-1.69524848461151,-2.04101085662842,-2.08953547477722,-2.00112009048462,-1.84146809577942
mp-1183837,Co-0.750-Ni-0.250,211,-1.18111646175384,-1.20865428447723,-2.04378962516785,-2.03178071975708,-1.82933855056763,-1.72000956535339
mp-429,Ni-0.500-Zn-0.500,100,-1.10799193382263,-1.00478005409241,-1.96341395378113,-1.91026639938354,-1.51896250247955,-1.6471004486084
mp-429,Ni-0.500-Zn-0.500,211,-0.761713325977325,-0.605669856071472,-1.65179061889648,-0.559622406959534,-0.933033466339111,-0.200340390205383
mp-1185970,Co-0.250-Mn-0.750,100,-2.55748605728149,-1.83031606674194,-2.35889792442322,-2.26195240020752,-2.29451060295105,-2.41935682296753
mp-1185970,Co-0.250-Mn-0.750,211,-1.65238690376282,-1.29143810272217,-2.18838143348694,-2.40801644325256,-2.10578107833862,-2.03471517562866
mp-19876,In-0.500-Ni-0.500,100,-1.42490577697754,-1.13502013683319,-2.17550134658814,-1.57523012161255,-1.72942614555359,-0.211898744106293
mp-19876,In-0.500-Ni-0.500,211,-1.14770758152008,-0.643910944461823,-1.90158724784851,-0.766051828861237,-1.12261152267456,0.251204907894135
mp-22154,Au-0.333-In-0.667,100,-0.581231415271759,0.133042752742767,-0.386656552553177,0.260060966014862,-0.0123909711837769,1.47191476821899
mp-22154,Au-0.333-In-0.667,211,-0.676726162433624,0.243687987327576,-0.104536175727844,0.391435921192169,0.0140405297279358,1.91098260879517
mp-2090,Co-0.500-Fe-0.500,100,-2.48435711860657,-2.22299432754517,-3.11067080497742,-3.50870943069458,-3.3075156211853,-2.87631797790527
mp-2090,Co-0.500-Fe-0.500,211,-0.0960480570793152,0.00569862127304077,-1.24163866043091,-0.945553123950958,-0.779448330402374,2.66236996650696
mp-27505,Fe-0.600-Sn-0.400,100,-1.93305070516347,0.15087890625,-2.953125,-0.13818359375,-0.73974609375,-1.6328125
mp-27505,Fe-0.600-Sn-0.400,211,-1.75390625,-1.71011773395382,0.02685546875,-0.243792059137772,-3.408203125,-0.5859375
mp-10598,Cu-0.500-Sn-0.500,100,-1.10798811912537,-0.355708628892899,-0.789014756679535,-0.544435620307922,-0.246121823787689,0.767282068729401
mp-10598,Cu-0.500-Sn-0.500,211,-0.799324154853821,-0.154544055461883,-0.855010747909546,-0.584344267845154,-0.318287700414658,1.06152701377869
mp-33,Ru-1.000,100,-0.819196820259094,-0.710736095905304,-1.82434058189392,-1.95505166053772,-1.59429001808167,-0.867903828620911
mp-33,Ru-1.000,211,-1.02944493293762,-1.08343696594238,-1.90055894851685,-1.96991848945618,-1.73995423316956,-1.27436327934265
mp-22344,Ru-0.300-Sn-0.700,100,-0.927656054496765,-1.01026773452759,-2.24229741096497,-1.61451077461243,-1.93387150764465,-0.508277475833893
mp-22344,Ru-0.300-Sn-0.700,211,-0.740143597126007,-0.776124000549316,-2.13452935218811,-1.29500305652618,-1.52708721160889,-0.548797845840454
mp-35,Mn-1.000,100,-2.429688,-1.773438,-1.967773,-3.074219,-2.277344,-2.117188
mp-35,Mn-1.000,211,-2.347656,-1.996094,-2.482422,-3.382812,-2.162109,-2.28125
mp-607450,In-0.750-Ru-0.250,100,-1.546875,-0.97509765625,-2.25910186767578,-1.50683112481633,-1.55067580245412,0.107091844081879
mp-607450,In-0.750-Ru-0.250,211,-1.55859375,-1.005859375,-2.3942494392395,-1.5390625,-1.140625,-1.05715072154999
mp-1684,Au-0.500-Zn-0.500,100,-0.973174452781677,-0.499726951122284,-0.563586890697479,-0.398295313119888,-0.648584723472595,0.348872363567352
mp-1684,Au-0.500-Zn-0.500,211,-0.0715717673301697,0.471966922283173,-0.0557592511177063,0.578610002994537,0.0415822267532349,1.90956544876099
mp-54,Co-1.000,100,-0.682353079319,-0.918544411659241,-1.80906653404236,-1.85156965255737,-1.71015083789825,-1.23078942298889
mp-54,Co-1.000,211,-1.05584108829498,-1.03811085224152,-1.9999463558197,-2.15564155578613,-1.82703804969788,-1.40858817100525
mp-1184119,Cu-0.250-Pd-0.750,100,0.00575602054595947,-0.282319277524948,-1.67747187614441,-1.45360672473907,-0.978265941143036,-1.40234375
mp-1184119,Cu-0.250-Pd-0.750,211,-0.386191517114639,-0.512333810329437,-1.74273061752319,-1.05099844932556,-1.00441908836365,-0.8388671875
mp-1380,Ru-0.250-Zn-0.750,100,-0.963047981262207,-0.634824514389038,-2.21215438842773,-1.46195161342621,-1.376953125,-1.46523594856262
mp-1380,Ru-0.250-Zn-0.750,211,-1.23082709312439,-1.08755731582642,-2.40530252456665,-1.84423851966858,-1.353515625,-1.11123645305634
mp-21215,In-0.500-Pd-0.500,100,-0.600097596645355,-0.125938534736633,-0.97978949546814,-0.0303434133529663,-0.268222510814667,0.825624644756317
mp-21215,In-0.500-Pd-0.500,211,-0.246775150299072,0.232100486755371,-0.820513904094696,0.189254243003845,-0.246639311313629,1.80620694160461
mp-985707,Co-0.250-Sn-0.750,100,-1.2265625,-1.923828125,-1.94140625,0.09326171875,-1.748046875,0.89794921875
mp-985707,Co-0.250-Sn-0.750,211,-0.71728515625,-1.40451893278493,-3.39453125,-2.134765625,-3.240234375,-2.3125
mp-20483,Pb-1.000,100,-0.224120795726776,0.70018857717514,-0.0667004585266113,0.769401848316193,0.641854465007782,2.15613627433777
mp-20483,Pb-1.000,211,-0.353755563497543,0.607026994228363,-0.101185619831085,0.685543477535248,0.398974716663361,2.21883368492127
mp-21975,Ag-0.692-In-0.308,100,-2.458984375,-2.84375,-1.87109375,-4.98046875,-2.177734375,-3.408203125
mp-21975,Ag-0.692-In-0.308,211,-2.85546875,-4.375,-1.88870240205605,-3.580078125,-0.707914103126945,1.16015625
mp-1183627,Ag-0.750-Cd-0.250,100,-0.2396360039711,0.402086913585663,-0.184420228004456,0.438588201999664,0.358515083789825,1.99075078964233
mp-1183627,Ag-0.750-Cd-0.250,211,-0.292112052440643,0.292323052883148,-0.22574257850647,0.274982750415802,0.261692941188812,2.33636045455933
mp-20174,Ni-0.429-Sn-0.571,100,-2.517578125,-1.3935546875,-0.654296875,-2.111328125,-2.609375,-2.046875
mp-20174,Ni-0.429-Sn-0.571,211,-3.40234375,-1.08565844026908,-2.0703125,-0.93701171875,-1.482421875,2.12890625
mp-1078895,Mn-0.375-Pd-0.625,100,-2.36817455291748,-1.95945715904236,-6.25,-7.3515625,-6.296875,-6.0390625
mp-1078895,Mn-0.375-Pd-0.625,211,-0.525704026222229,0.134884238243103,-1.6259765625,-1.625,-1.35546875,-0.9599609375
mp-1722,Fe-0.071-Zn-0.929,100,-1.7421875,-1.2548828125,-2.541015625,-1.8828125,-1.3955078125,-0.5517578125
mp-1722,Fe-0.071-Zn-0.929,211,-1.7421875,-1.248046875,-2.119140625,-1.3173828125,-1.078125,-0.18994140625
mp-23,Ni-1.000,100,-0.520033061504364,-0.663157403469086,-1.73242449760437,-1.84043645858765,-1.45556163787842,-2.13201427459717
mp-23,Ni-1.000,211,-0.71103835105896,-0.757101655006409,-1.89548587799072,-1.34963846206665,-1.59134030342102,-1.49991798400879
mp-1184921,In-0.750-Pb-0.250,100,-0.594563722610474,0.484069526195526,-0.125064790248871,0.596443951129913,0.426259219646454,1.76864790916443
mp-1184921,In-0.750-Pb-0.250,211,-0.469997733831406,0.376320660114288,-0.0710799694061279,0.49619323015213,0.312993466854096,1.68902349472046
mp-580357,Cu-0.750-Pd-0.250,100,-0.400950759649277,-0.0340288281440735,-1.07096886634827,-0.469342052936554,-0.367018550634384,-0.143159568309784
mp-580357,Cu-0.750-Pd-0.250,211,-0.610737800598145,-0.158168852329254,-1.11255812644958,-0.383544474840164,-0.452539682388306,0.351632416248321
mp-30,Cu-1.000,100,-0.338457763195038,0.109437465667725,-0.662947058677673,-0.119958877563477,-0.0355992317199707,0.178031623363495
mp-30,Cu-1.000,211,-0.460360825061798,-0.130603730678558,-0.770898282527924,-0.120321273803711,-0.175094962120056,0.6109419465065
mp-985556,Cd-0.500-Ni-0.500,100,-4.40625,-2.25390625,-1.3515625,-3.20703125,-0.9814453125,-0.873046875
mp-985556,Cd-0.500-Ni-0.500,211,2.98828125,-1.9453125,-2.43359375,-4.20703125,-1.853515625,-1.060546875
mp-1912,Ag-0.500-Zn-0.500,100,-0.856948852539062,-0.386398077011108,-0.389521330595016,-0.16579008102417,-0.428488492965698,0.509973466396332
mp-1912,Ag-0.500-Zn-0.500,211,-0.532534539699554,0.163801610469818,-0.200310409069061,0.0738244652748108,0.045661211013794,1.60585117340088
mp-30343,Ag-0.750-In-0.250,100,-0.247885763645172,0.442053616046906,-0.0199694633483887,0.426783859729767,0.260998070240021,1.61985158920288
mp-30343,Ag-0.750-In-0.250,211,-0.214654505252838,0.274639666080475,-0.199123084545135,0.378017246723175,0.294924795627594,2.34843349456787
mp-2128,Pd-0.200-Sn-0.800,100,-0.521321892738342,0.35359388589859,-0.361745417118073,0.643623292446136,0.160317420959473,1.5390625
mp-2128,Pd-0.200-Sn-0.800,211,-0.420733541250229,0.179230153560638,-0.822245061397552,0.509852468967438,-0.0853301286697388,0.93310546875
mp-20849,Pb-0.250-Pd-0.750,100,-0.180421531200409,0.227430105209351,-1.07351803779602,0.207878291606903,-0.252462863922119,1.48594307899475
mp-20849,Pb-0.250-Pd-0.750,211,-0.293404281139374,-0.404343247413635,-1.88598823547363,-0.538588523864746,-0.930515170097351,-0.377308070659638
mp-1368,Cu-0.385-Zn-0.615,100,-1.0439453125,-0.19359535,-0.71919173,-0.3125,-0.306616127490997,0.705367743968964
mp-1368,Cu-0.385-Zn-0.615,211,-2.8125859083594,-1.09081428742251,-1.0400390625,-0.339361634694644,-1.08136389512254,0.71263837707254
mp-510437,In-0.600-Pd-0.400,100,-0.657220542430878,0.0286347270011902,-0.75921231508255,0.115622460842133,-0.14643657207489,1.9263699054718
mp-510437,In-0.600-Pd-0.400,211,-0.409914761781693,-0.105984330177307,-1.25049579143524,0.0599404573440552,-0.325303077697754,1.477210521698
mp-20599,Pb-0.667-Pd-0.333,100,-0.174324691295624,-0.0539253950119019,-1.11609959602356,0.0877413749694824,-0.516134202480316,1.24249863624573
mp-20599,Pb-0.667-Pd-0.333,211,-0.280954003334045,0.384837329387665,-0.482021123170853,0.682115614414215,0.049802839756012,1.79417252540588
mp-865985,Cd-0.250-Pd-0.750,100,-0.250140309333801,-0.230886578559875,-1.6172239780426,-1.12145781517029,-0.905134975910187,-0.604110479354858
mp-865985,Cd-0.250-Pd-0.750,211,-0.168468773365021,-0.390626430511475,-1.74509215354919,-0.557839870452881,-0.981664061546326,-0.0863406658172607
mp-568655,In-0.700-Pd-0.300,100,-0.611876487731934,-0.203391432762146,-1.34359216690063,-0.12012767791748,-0.434680670499802,1.85943293571472
mp-568655,In-0.700-Pd-0.300,211,-0.676145553588867,0.123064756393433,-0.954016506671906,0.302824199199677,-0.29447877407074,1.7406919002533
mp-647220,Pd-0.241-Cd-0.759,100,-2.220703125,-2.0055783821672,-1.3515625,-2.48282969267271,-1.736328125,0.63818359375
mp-647220,Pd-0.241-Cd-0.759,211,-2.30496208368024,-1.986328125,-2.23046875,-2.65388789902434,-1.025390625,0.50341796875
mp-985296,Pd-0.250-Ag-0.750,100,-0.820033428647718,-1.1630859375,-1.34375,-4.30078125,-1.80100929735361,-1.10445676466196
mp-985296,Pd-0.250-Ag-0.750,211,-0.788920113827151,-1.72821839592388,-0.9560546875,-4.7210988404532,-1.845703125,-1.119140625
