composition,elements
Co-0.01-Cu-0.95-Ag-0.04,Co|Cu|Ag
Co-0.01-Cu-0.95-Au-0.04,Co|Cu|Au
Co-0.01-Cu-0.95-In-0.04,Co|Cu|In
Co-0.01-Cu-0.95-Pb-0.04,Co|Cu|Pb
Co-0.01-Cu-0.95-Pd-0.04,Co|Cu|Pd
Co-0.01-Cu-0.95-Ru-0.04,Co|Cu|Ru
Co-0.01-Cu-0.95-Sn-0.04,Co|Cu|Sn
Co-0.01-Cu-0.95-Zn-0.04,Co|Cu|Zn
Co-0.01-Cu-0.96-Ag-0.03,Co|Cu|Ag
Co-0.01-Cu-0.96-Au-0.03,Co|Cu|Au
Co-0.01-Cu-0.96-Cd-0.03,Co|Cu|Cd
Co-0.01-Cu-0.96-In-0.03,Co|Cu|In
Co-0.01-Cu-0.96-Pb-0.03,Co|Cu|Pb
Co-0.01-Cu-0.96-Pd-0.03,Co|Cu|Pd
Co-0.01-Cu-0.96-Ru-0.03,Co|Cu|Ru
Co-0.01-Cu-0.96-Sn-0.03,Co|Cu|Sn
Co-0.01-Cu-0.96-Zn-0.03,Co|Cu|Zn
Co-0.01-Cu-0.97-Ag-0.02,Co|Cu|Ag
Co-0.01-Cu-0.97-Au-0.02,Co|Cu|Au
Co-0.01-Cu-0.97-Cd-0.02,Co|Cu|Cd
Co-0.01-Cu-0.97-In-0.02,Co|Cu|In
Co-0.01-Cu-0.97-Pb-0.02,Co|Cu|Pb
Co-0.01-Cu-0.97-Pd-0.02,Co|Cu|Pd
Co-0.01-Cu-0.97-Sn-0.02,Co|Cu|Sn
Co-0.01-Cu-0.97-Zn-0.02,Co|Cu|Zn
Co-0.01-Cu-0.98-Au-0.01,Co|Cu|Au
Co-0.01-Cu-0.98-In-0.01,Co|Cu|In
Co-0.01-Cu-0.98-Pd-0.01,Co|Cu|Pd
Co-0.01-Cu-0.98-Ru-0.01,Co|Cu|Ru
Co-0.01-Cu-0.98-Sn-0.01,Co|Cu|Sn
Co-0.01-Cu-0.98-Zn-0.01,Co|Cu|Zn
Co-0.01-Cu-0.99,Co|Cu
Co-0.01-Ni-0.01-Cu-0.98,Co|Ni|Cu
Co-0.01-Ni-0.02-Cu-0.97,Co|Ni|Cu
Co-0.01-Ni-0.03-Cu-0.96,Co|Ni|Cu
Co-0.01-Ni-0.04-Cu-0.95,Co|Ni|Cu
Co-0.02-Cu-0.95-Ag-0.03,Co|Cu|Ag
Co-0.02-Cu-0.95-Au-0.03,Co|Cu|Au
Co-0.02-Cu-0.95-Pb-0.03,Co|Cu|Pb
Co-0.02-Cu-0.95-Zn-0.03,Co|Cu|Zn
Co-0.02-Cu-0.96-Ag-0.02,Co|Cu|Ag
Co-0.02-Cu-0.96-Au-0.02,Co|Cu|Au
Co-0.02-Cu-0.96-Cd-0.02,Co|Cu|Cd
Co-0.02-Cu-0.96-In-0.02,Co|Cu|In
Co-0.02-Cu-0.96-Pb-0.02,Co|Cu|Pb
Co-0.02-Cu-0.96-Ru-0.02,Co|Cu|Ru
Co-0.02-Cu-0.96-Sn-0.02,Co|Cu|Sn
Co-0.02-Cu-0.96-Zn-0.02,Co|Cu|Zn
Co-0.02-Cu-0.97-Ag-0.01,Co|Cu|Ag
Co-0.02-Cu-0.97-Au-0.01,Co|Cu|Au
Co-0.02-Cu-0.97-Cd-0.01,Co|Cu|Cd
Co-0.02-Cu-0.97-In-0.01,Co|Cu|In
Co-0.02-Cu-0.97-Pd-0.01,Co|Cu|Pd
Co-0.02-Cu-0.97-Ru-0.01,Co|Cu|Ru
Co-0.02-Cu-0.97-Zn-0.01,Co|Cu|Zn
Co-0.02-Cu-0.98,Co|Cu
Co-0.02-Ni-0.02-Cu-0.96,Co|Ni|Cu
Co-0.02-Ni-0.03-Cu-0.95,Co|Ni|Cu
Co-0.03-Cu-0.95-Au-0.02,Co|Cu|Au
Co-0.03-Cu-0.95-Cd-0.02,Co|Cu|Cd
Co-0.03-Cu-0.95-In-0.02,Co|Cu|In
Co-0.03-Cu-0.95-Pb-0.02,Co|Cu|Pb
Co-0.03-Cu-0.95-Pd-0.02,Co|Cu|Pd
Co-0.03-Cu-0.95-Zn-0.02,Co|Cu|Zn
Co-0.03-Cu-0.96-Ag-0.01,Co|Cu|Ag
Co-0.03-Cu-0.96-Au-0.01,Co|Cu|Au
Co-0.03-Cu-0.96-Cd-0.01,Co|Cu|Cd
Co-0.03-Cu-0.96-In-0.01,Co|Cu|In
Co-0.03-Cu-0.96-Pb-0.01,Co|Cu|Pb
Co-0.03-Cu-0.96-Pd-0.01,Co|Cu|Pd
Co-0.03-Cu-0.96-Ru-0.01,Co|Cu|Ru
Co-0.03-Cu-0.96-Sn-0.01,Co|Cu|Sn
Co-0.03-Cu-0.96-Zn-0.01,Co|Cu|Zn
Co-0.03-Cu-0.97,Co|Cu
Co-0.03-Ni-0.01-Cu-0.96,Co|Ni|Cu
Co-0.03-Ni-0.02-Cu-0.95,Co|Ni|Cu
Co-0.04-Cu-0.95-Ag-0.01,Co|Cu|Ag
Co-0.04-Cu-0.95-Cd-0.01,Co|Cu|Cd
Co-0.04-Cu-0.95-In-0.01,Co|Cu|In
Co-0.04-Cu-0.95-Pb-0.01,Co|Cu|Pb
Co-0.04-Cu-0.95-Pd-0.01,Co|Cu|Pd
Co-0.04-Cu-0.95-Ru-0.01,Co|Cu|Ru
Co-0.04-Cu-0.95-Sn-0.01,Co|Cu|Sn
Co-0.04-Cu-0.95-Zn-0.01,Co|Cu|Zn
Co-0.04-Cu-0.96,Co|Cu
Co-0.04-Ni-0.01-Cu-0.95,Co|Ni|Cu
Co-0.05-Cu-0.95,Co|Cu
Cr-0.01-Co-0.02-Cu-0.97,Cr|Co|Cu
Cr-0.01-Co-0.03-Cu-0.96,Cr|Co|Cu
Cr-0.01-Co-0.04-Cu-0.95,Cr|Co|Cu
Cr-0.01-Cu-0.95-Ag-0.04,Cr|Cu|Ag
Cr-0.01-Cu-0.95-Au-0.04,Cr|Cu|Au
Cr-0.01-Cu-0.95-Cd-0.04,Cr|Cu|Cd
Cr-0.01-Cu-0.95-In-0.04,Cr|Cu|In
Cr-0.01-Cu-0.95-Pb-0.04,Cr|Cu|Pb
Cr-0.01-Cu-0.95-Pd-0.04,Cr|Cu|Pd
Cr-0.01-Cu-0.95-Ru-0.04,Cr|Cu|Ru
Cr-0.01-Cu-0.96-Ag-0.03,Cr|Cu|Ag
Cr-0.01-Cu-0.96-Au-0.03,Cr|Cu|Au
Cr-0.01-Cu-0.96-Pb-0.03,Cr|Cu|Pb
Cr-0.01-Cu-0.96-Pd-0.03,Cr|Cu|Pd
Cr-0.01-Cu-0.96-Ru-0.03,Cr|Cu|Ru
Cr-0.01-Cu-0.96-Sn-0.03,Cr|Cu|Sn
Cr-0.01-Cu-0.96-Zn-0.03,Cr|Cu|Zn
Cr-0.01-Cu-0.97-Ag-0.02,Cr|Cu|Ag
Cr-0.01-Cu-0.97-Cd-0.02,Cr|Cu|Cd
Cr-0.01-Cu-0.97-In-0.02,Cr|Cu|In
Cr-0.01-Cu-0.97-Pb-0.02,Cr|Cu|Pb
Cr-0.01-Cu-0.97-Pd-0.02,Cr|Cu|Pd
Cr-0.01-Cu-0.97-Ru-0.02,Cr|Cu|Ru
Cr-0.01-Cu-0.97-Sn-0.02,Cr|Cu|Sn
Cr-0.01-Cu-0.97-Zn-0.02,Cr|Cu|Zn
Cr-0.01-Cu-0.98-Ag-0.01,Cr|Cu|Ag
Cr-0.01-Cu-0.98-Au-0.01,Cr|Cu|Au
Cr-0.01-Cu-0.98-In-0.01,Cr|Cu|In
Cr-0.01-Cu-0.98-Ru-0.01,Cr|Cu|Ru
Cr-0.01-Cu-0.98-Sn-0.01,Cr|Cu|Sn
Cr-0.01-Cu-0.99,Cr|Cu
Cr-0.01-Fe-0.02-Cu-0.97,Cr|Fe|Cu
Cr-0.01-Fe-0.03-Cu-0.96,Cr|Fe|Cu
Cr-0.01-Fe-0.04-Cu-0.95,Cr|Fe|Cu
Cr-0.01-Mn-0.01-Cu-0.98,Cr|Mn|Cu
Cr-0.01-Mn-0.04-Cu-0.95,Cr|Mn|Cu
Cr-0.01-Ni-0.01-Cu-0.98,Cr|Ni|Cu
Cr-0.01-Ni-0.02-Cu-0.97,Cr|Ni|Cu
Cr-0.01-Ni-0.03-Cu-0.96,Cr|Ni|Cu
Cr-0.01-Ni-0.04-Cu-0.95,Cr|Ni|Cu
Cr-0.02-Co-0.01-Cu-0.97,Cr|Co|Cu
Cr-0.02-Co-0.03-Cu-0.95,Cr|Co|Cu
Cr-0.02-Cu-0.95-Cd-0.03,Cr|Cu|Cd
Cr-0.02-Cu-0.95-Pb-0.03,Cr|Cu|Pb
Cr-0.02-Cu-0.95-Ru-0.03,Cr|Cu|Ru
Cr-0.02-Cu-0.95-Sn-0.03,Cr|Cu|Sn
Cr-0.02-Cu-0.95-Zn-0.03,Cr|Cu|Zn
Cr-0.02-Cu-0.96-Ag-0.02,Cr|Cu|Ag
Cr-0.02-Cu-0.96-Pb-0.02,Cr|Cu|Pb
Cr-0.02-Cu-0.96-Pd-0.02,Cr|Cu|Pd
Cr-0.02-Cu-0.96-Ru-0.02,Cr|Cu|Ru
Cr-0.02-Cu-0.96-Zn-0.02,Cr|Cu|Zn
Cr-0.02-Cu-0.97-Ag-0.01,Cr|Cu|Ag
Cr-0.02-Cu-0.97-Au-0.01,Cr|Cu|Au
Cr-0.02-Cu-0.97-Cd-0.01,Cr|Cu|Cd
Cr-0.02-Cu-0.97-Pb-0.01,Cr|Cu|Pb
Cr-0.02-Cu-0.97-Pd-0.01,Cr|Cu|Pd
Cr-0.02-Cu-0.97-Ru-0.01,Cr|Cu|Ru
Cr-0.02-Cu-0.97-Sn-0.01,Cr|Cu|Sn
Cr-0.02-Cu-0.97-Zn-0.01,Cr|Cu|Zn
Cr-0.02-Cu-0.98,Cr|Cu
Cr-0.02-Fe-0.01-Cu-0.97,Cr|Fe|Cu
Cr-0.02-Fe-0.02-Cu-0.96,Cr|Fe|Cu
Cr-0.02-Fe-0.03-Cu-0.95,Cr|Fe|Cu
Cr-0.02-Mn-0.01-Cu-0.97,Cr|Mn|Cu
Cr-0.02-Mn-0.02-Cu-0.96,Cr|Mn|Cu
Cr-0.02-Mn-0.03-Cu-0.95,Cr|Mn|Cu
Cr-0.02-Ni-0.01-Cu-0.97,Cr|Ni|Cu
Cr-0.02-Ni-0.02-Cu-0.96,Cr|Ni|Cu
Cr-0.02-Ni-0.03-Cu-0.95,Cr|Ni|Cu
Cr-0.03-Co-0.01-Cu-0.96,Cr|Co|Cu
Cr-0.03-Cu-0.95-Ag-0.02,Cr|Cu|Ag
Cr-0.03-Cu-0.95-Au-0.02,Cr|Cu|Au
Cr-0.03-Cu-0.95-Cd-0.02,Cr|Cu|Cd
Cr-0.03-Cu-0.95-In-0.02,Cr|Cu|In
Cr-0.03-Cu-0.95-Sn-0.02,Cr|Cu|Sn
Cr-0.03-Cu-0.96-Ag-0.01,Cr|Cu|Ag
Cr-0.03-Cu-0.96-Au-0.01,Cr|Cu|Au
Cr-0.03-Cu-0.96-Cd-0.01,Cr|Cu|Cd
Cr-0.03-Cu-0.96-Pb-0.01,Cr|Cu|Pb
Cr-0.03-Cu-0.96-Pd-0.01,Cr|Cu|Pd
Cr-0.03-Cu-0.96-Ru-0.01,Cr|Cu|Ru
Cr-0.03-Cu-0.96-Sn-0.01,Cr|Cu|Sn
Cr-0.03-Cu-0.96-Zn-0.01,Cr|Cu|Zn
Cr-0.03-Cu-0.97,Cr|Cu
Cr-0.03-Fe-0.01-Cu-0.96,Cr|Fe|Cu
Cr-0.03-Fe-0.02-Cu-0.95,Cr|Fe|Cu
Cr-0.03-Mn-0.01-Cu-0.96,Cr|Mn|Cu
Cr-0.03-Mn-0.02-Cu-0.95,Cr|Mn|Cu
Cr-0.03-Ni-0.01-Cu-0.96,Cr|Ni|Cu
Cr-0.03-Ni-0.02-Cu-0.95,Cr|Ni|Cu
Cr-0.04-Co-0.01-Cu-0.95,Cr|Co|Cu
Cr-0.04-Cu-0.95-Ag-0.01,Cr|Cu|Ag
Cr-0.04-Cu-0.95-Au-0.01,Cr|Cu|Au
Cr-0.04-Cu-0.95-Cd-0.01,Cr|Cu|Cd
Cr-0.04-Cu-0.95-In-0.01,Cr|Cu|In
Cr-0.04-Cu-0.95-Pd-0.01,Cr|Cu|Pd
Cr-0.04-Cu-0.95-Sn-0.01,Cr|Cu|Sn
Cr-0.04-Cu-0.96,Cr|Cu
Cr-0.04-Mn-0.01-Cu-0.95,Cr|Mn|Cu
Cr-0.04-Ni-0.01-Cu-0.95,Cr|Ni|Cu
Cu-0.95-Ag-0.01-Au-0.04,Cu|Ag|Au
Cu-0.95-Ag-0.01-Cd-0.04,Cu|Ag|Cd
Cu-0.95-Ag-0.01-In-0.04,Cu|Ag|In
Cu-0.95-Ag-0.01-Pb-0.04,Cu|Ag|Pb
Cu-0.95-Ag-0.02-Au-0.03,Cu|Ag|Au
Cu-0.95-Ag-0.02-Pb-0.03,Cu|Ag|Pb
Cu-0.95-Ag-0.03-Cd-0.02,Cu|Ag|Cd
Cu-0.95-Ag-0.03-In-0.02,Cu|Ag|In
Cu-0.95-Ag-0.03-Pb-0.02,Cu|Ag|Pb
Cu-0.95-Ag-0.03-Sn-0.02,Cu|Ag|Sn
Cu-0.95-Ag-0.04-Cd-0.01,Cu|Ag|Cd
Cu-0.95-Ag-0.04-In-0.01,Cu|Ag|In
Cu-0.95-Ag-0.04-Pb-0.01,Cu|Ag|Pb
Cu-0.95-Ag-0.04-Sn-0.01,Cu|Ag|Sn
Cu-0.95-Ag-0.05,Cu|Ag
Cu-0.95-Au-0.01-Pb-0.04,Cu|Au|Pb
Cu-0.95-Au-0.02-Pb-0.03,Cu|Au|Pb
Cu-0.95-Au-0.03-Pb-0.02,Cu|Au|Pb
Cu-0.95-Au-0.04-Pb-0.01,Cu|Au|Pb
Cu-0.95-Cd-0.01-Au-0.04,Cu|Cd|Au
Cu-0.95-Cd-0.01-In-0.04,Cu|Cd|In
Cu-0.95-Cd-0.01-Sn-0.04,Cu|Cd|Sn
Cu-0.95-Cd-0.02-Pb-0.03,Cu|Cd|Pb
Cu-0.95-Cd-0.02-Sn-0.03,Cu|Cd|Sn
Cu-0.95-Cd-0.03-In-0.02,Cu|Cd|In
Cu-0.95-Cd-0.03-Pb-0.02,Cu|Cd|Pb
Cu-0.95-Cd-0.03-Sn-0.02,Cu|Cd|Sn
Cu-0.95-Cd-0.04-Au-0.01,Cu|Cd|Au
Cu-0.95-Cd-0.04-Sn-0.01,Cu|Cd|Sn
Cu-0.95-Cd-0.05,Cu|Cd
Cu-0.95-In-0.01-Sn-0.04,Cu|In|Sn
Cu-0.95-In-0.02-Au-0.03,Cu|In|Au
Cu-0.95-In-0.02-Sn-0.03,Cu|In|Sn
Cu-0.95-In-0.03-Au-0.02,Cu|In|Au
Cu-0.95-In-0.03-Pb-0.02,Cu|In|Pb
Cu-0.95-In-0.03-Sn-0.02,Cu|In|Sn
Cu-0.95-In-0.04-Sn-0.01,Cu|In|Sn
Cu-0.95-In-0.05,Cu|In
Cu-0.95-Pb-0.05,Cu|Pb
Cu-0.95-Pd-0.01-Cd-0.04,Cu|Pd|Cd
Cu-0.95-Pd-0.01-In-0.04,Cu|Pd|In
Cu-0.95-Pd-0.01-Pb-0.04,Cu|Pd|Pb
Cu-0.95-Pd-0.01-Sn-0.04,Cu|Pd|Sn
Cu-0.95-Pd-0.02-Au-0.03,Cu|Pd|Au
Cu-0.95-Pd-0.02-In-0.03,Cu|Pd|In
Cu-0.95-Pd-0.02-Pb-0.03,Cu|Pd|Pb
Cu-0.95-Pd-0.03-Ag-0.02,Cu|Pd|Ag
Cu-0.95-Pd-0.03-Au-0.02,Cu|Pd|Au
Cu-0.95-Pd-0.03-Cd-0.02,Cu|Pd|Cd
Cu-0.95-Pd-0.03-In-0.02,Cu|Pd|In
Cu-0.95-Pd-0.03-Pb-0.02,Cu|Pd|Pb
Cu-0.95-Pd-0.03-Sn-0.02,Cu|Pd|Sn
Cu-0.95-Pd-0.04-Ag-0.01,Cu|Pd|Ag
Cu-0.95-Pd-0.04-Au-0.01,Cu|Pd|Au
Cu-0.95-Pd-0.04-Cd-0.01,Cu|Pd|Cd
Cu-0.95-Pd-0.04-Pb-0.01,Cu|Pd|Pb
Cu-0.95-Pd-0.04-Sn-0.01,Cu|Pd|Sn
Cu-0.95-Pd-0.05,Cu|Pd
Cu-0.95-Ru-0.01-Ag-0.04,Cu|Ru|Ag
Cu-0.95-Ru-0.01-Au-0.04,Cu|Ru|Au
Cu-0.95-Ru-0.01-Cd-0.04,Cu|Ru|Cd
Cu-0.95-Ru-0.01-In-0.04,Cu|Ru|In
Cu-0.95-Ru-0.01-Pb-0.04,Cu|Ru|Pb
Cu-0.95-Ru-0.01-Pd-0.04,Cu|Ru|Pd
Cu-0.95-Ru-0.02-Au-0.03,Cu|Ru|Au
Cu-0.95-Ru-0.02-In-0.03,Cu|Ru|In
Cu-0.95-Ru-0.02-Pb-0.03,Cu|Ru|Pb
Cu-0.95-Ru-0.02-Pd-0.03,Cu|Ru|Pd
Cu-0.95-Ru-0.02-Sn-0.03,Cu|Ru|Sn
Cu-0.95-Ru-0.03-Au-0.02,Cu|Ru|Au
Cu-0.95-Ru-0.03-Cd-0.02,Cu|Ru|Cd
Cu-0.95-Ru-0.03-In-0.02,Cu|Ru|In
Cu-0.95-Ru-0.03-Pd-0.02,Cu|Ru|Pd
Cu-0.95-Ru-0.03-Sn-0.02,Cu|Ru|Sn
Cu-0.95-Ru-0.04-Ag-0.01,Cu|Ru|Ag
Cu-0.95-Ru-0.04-Au-0.01,Cu|Ru|Au
Cu-0.95-Ru-0.04-Cd-0.01,Cu|Ru|Cd
Cu-0.95-Ru-0.04-In-0.01,Cu|Ru|In
Cu-0.95-Ru-0.04-Pb-0.01,Cu|Ru|Pb
Cu-0.95-Ru-0.04-Sn-0.01,Cu|Ru|Sn
Cu-0.95-Ru-0.05,Cu|Ru
Cu-0.95-Sn-0.02-Au-0.03,Cu|Sn|Au
Cu-0.95-Sn-0.02-Pb-0.03,Cu|Sn|Pb
Cu-0.95-Sn-0.03-Au-0.02,Cu|Sn|Au
Cu-0.95-Sn-0.03-Pb-0.02,Cu|Sn|Pb
Cu-0.95-Sn-0.04-Au-0.01,Cu|Sn|Au
Cu-0.95-Sn-0.04-Pb-0.01,Cu|Sn|Pb
Cu-0.95-Sn-0.05,Cu|Sn
Cu-0.95-Zn-0.01-Ag-0.04,Cu|Zn|Ag
Cu-0.95-Zn-0.01-Au-0.04,Cu|Zn|Au
Cu-0.95-Zn-0.01-In-0.04,Cu|Zn|In
Cu-0.95-Zn-0.01-Pb-0.04,Cu|Zn|Pb
Cu-0.95-Zn-0.01-Pd-0.04,Cu|Zn|Pd
Cu-0.95-Zn-0.01-Sn-0.04,Cu|Zn|Sn
Cu-0.95-Zn-0.02-Ag-0.03,Cu|Zn|Ag
Cu-0.95-Zn-0.02-Au-0.03,Cu|Zn|Au
Cu-0.95-Zn-0.02-Cd-0.03,Cu|Zn|Cd
Cu-0.95-Zn-0.02-In-0.03,Cu|Zn|In
Cu-0.95-Zn-0.02-Pb-0.03,Cu|Zn|Pb
Cu-0.95-Zn-0.02-Ru-0.03,Cu|Zn|Ru
Cu-0.95-Zn-0.02-Sn-0.03,Cu|Zn|Sn
Cu-0.95-Zn-0.03-Ag-0.02,Cu|Zn|Ag
Cu-0.95-Zn-0.03-In-0.02,Cu|Zn|In
Cu-0.95-Zn-0.03-Pb-0.02,Cu|Zn|Pb
Cu-0.95-Zn-0.03-Pd-0.02,Cu|Zn|Pd
Cu-0.95-Zn-0.03-Ru-0.02,Cu|Zn|Ru
Cu-0.95-Zn-0.03-Sn-0.02,Cu|Zn|Sn
Cu-0.95-Zn-0.04-Au-0.01,Cu|Zn|Au
Cu-0.95-Zn-0.04-Cd-0.01,Cu|Zn|Cd
Cu-0.95-Zn-0.04-In-0.01,Cu|Zn|In
Cu-0.95-Zn-0.04-Pb-0.01,Cu|Zn|Pb
Cu-0.95-Zn-0.04-Pd-0.01,Cu|Zn|Pd
Cu-0.95-Zn-0.04-Ru-0.01,Cu|Zn|Ru
Cu-0.95-Zn-0.04-Sn-0.01,Cu|Zn|Sn
Cu-0.96-Ag-0.01-Au-0.03,Cu|Ag|Au
Cu-0.96-Ag-0.01-Cd-0.03,Cu|Ag|Cd
Cu-0.96-Ag-0.01-In-0.03,Cu|Ag|In
Cu-0.96-Ag-0.01-Sn-0.03,Cu|Ag|Sn
Cu-0.96-Ag-0.02-Au-0.02,Cu|Ag|Au
Cu-0.96-Ag-0.02-Cd-0.02,Cu|Ag|Cd
Cu-0.96-Ag-0.02-In-0.02,Cu|Ag|In
Cu-0.96-Ag-0.02-Pb-0.02,Cu|Ag|Pb
Cu-0.96-Ag-0.02-Sn-0.02,Cu|Ag|Sn
Cu-0.96-Ag-0.03-Au-0.01,Cu|Ag|Au
Cu-0.96-Ag-0.03-In-0.01,Cu|Ag|In
Cu-0.96-Ag-0.03-Pb-0.01,Cu|Ag|Pb
Cu-0.96-Ag-0.03-Sn-0.01,Cu|Ag|Sn
Cu-0.96-Ag-0.04,Cu|Ag
Cu-0.96-Au-0.01-Pb-0.03,Cu|Au|Pb
Cu-0.96-Au-0.03-Pb-0.01,Cu|Au|Pb
Cu-0.96-Au-0.04,Cu|Au
Cu-0.96-Cd-0.01-Au-0.03,Cu|Cd|Au
Cu-0.96-Cd-0.01-In-0.03,Cu|Cd|In
Cu-0.96-Cd-0.01-Sn-0.03,Cu|Cd|Sn
Cu-0.96-Cd-0.02-Au-0.02,Cu|Cd|Au
Cu-0.96-Cd-0.02-In-0.02,Cu|Cd|In
Cu-0.96-Cd-0.02-Pb-0.02,Cu|Cd|Pb
Cu-0.96-Cd-0.02-Sn-0.02,Cu|Cd|Sn
Cu-0.96-Cd-0.03-Au-0.01,Cu|Cd|Au
Cu-0.96-Cd-0.03-In-0.01,Cu|Cd|In
Cu-0.96-Cd-0.03-Pb-0.01,Cu|Cd|Pb
Cu-0.96-Cd-0.03-Sn-0.01,Cu|Cd|Sn
Cu-0.96-Cd-0.04,Cu|Cd
Cu-0.96-In-0.01-Au-0.03,Cu|In|Au
Cu-0.96-In-0.01-Sn-0.03,Cu|In|Sn
Cu-0.96-In-0.02-Au-0.02,Cu|In|Au
Cu-0.96-In-0.02-Pb-0.02,Cu|In|Pb
Cu-0.96-In-0.02-Sn-0.02,Cu|In|Sn
Cu-0.96-In-0.03-Sn-0.01,Cu|In|Sn
Cu-0.96-In-0.04,Cu|In
Cu-0.96-Pb-0.04,Cu|Pb
Cu-0.96-Pd-0.01-Ag-0.03,Cu|Pd|Ag
Cu-0.96-Pd-0.01-Cd-0.03,Cu|Pd|Cd
Cu-0.96-Pd-0.01-In-0.03,Cu|Pd|In
Cu-0.96-Pd-0.01-Sn-0.03,Cu|Pd|Sn
Cu-0.96-Pd-0.02-Ag-0.02,Cu|Pd|Ag
Cu-0.96-Pd-0.02-Au-0.02,Cu|Pd|Au
Cu-0.96-Pd-0.02-In-0.02,Cu|Pd|In
Cu-0.96-Pd-0.03-Ag-0.01,Cu|Pd|Ag
Cu-0.96-Pd-0.03-Au-0.01,Cu|Pd|Au
Cu-0.96-Pd-0.03-Cd-0.01,Cu|Pd|Cd
Cu-0.96-Pd-0.03-In-0.01,Cu|Pd|In
Cu-0.96-Pd-0.03-Pb-0.01,Cu|Pd|Pb
Cu-0.96-Pd-0.03-Sn-0.01,Cu|Pd|Sn
Cu-0.96-Pd-0.04,Cu|Pd
Cu-0.96-Ru-0.01-Ag-0.03,Cu|Ru|Ag
Cu-0.96-Ru-0.01-Cd-0.03,Cu|Ru|Cd
Cu-0.96-Ru-0.01-In-0.03,Cu|Ru|In
Cu-0.96-Ru-0.01-Pb-0.03,Cu|Ru|Pb
Cu-0.96-Ru-0.01-Pd-0.03,Cu|Ru|Pd
Cu-0.96-Ru-0.01-Sn-0.03,Cu|Ru|Sn
Cu-0.96-Ru-0.02-Ag-0.02,Cu|Ru|Ag
Cu-0.96-Ru-0.02-Cd-0.02,Cu|Ru|Cd
Cu-0.96-Ru-0.02-In-0.02,Cu|Ru|In
Cu-0.96-Ru-0.02-Pb-0.02,Cu|Ru|Pb
Cu-0.96-Ru-0.02-Pd-0.02,Cu|Ru|Pd
Cu-0.96-Ru-0.02-Sn-0.02,Cu|Ru|Sn
Cu-0.96-Ru-0.03-Ag-0.01,Cu|Ru|Ag
Cu-0.96-Ru-0.03-Au-0.01,Cu|Ru|Au
Cu-0.96-Ru-0.03-Cd-0.01,Cu|Ru|Cd
Cu-0.96-Ru-0.03-In-0.01,Cu|Ru|In
Cu-0.96-Ru-0.03-Pb-0.01,Cu|Ru|Pb
Cu-0.96-Ru-0.03-Pd-0.01,Cu|Ru|Pd
Cu-0.96-Ru-0.03-Sn-0.01,Cu|Ru|Sn
Cu-0.96-Ru-0.04,Cu|Ru
Cu-0.96-Sn-0.01-Pb-0.03,Cu|Sn|Pb
Cu-0.96-Sn-0.02-Au-0.02,Cu|Sn|Au
Cu-0.96-Sn-0.02-Pb-0.02,Cu|Sn|Pb
Cu-0.96-Sn-0.03-Pb-0.01,Cu|Sn|Pb
Cu-0.96-Sn-0.04,Cu|Sn
Cu-0.96-Zn-0.01-Ag-0.03,Cu|Zn|Ag
Cu-0.96-Zn-0.01-Au-0.03,Cu|Zn|Au
Cu-0.96-Zn-0.01-In-0.03,Cu|Zn|In
Cu-0.96-Zn-0.01-Pb-0.03,Cu|Zn|Pb
Cu-0.96-Zn-0.01-Ru-0.03,Cu|Zn|Ru
Cu-0.96-Zn-0.01-Sn-0.03,Cu|Zn|Sn
Cu-0.96-Zn-0.02-Ag-0.02,Cu|Zn|Ag
Cu-0.96-Zn-0.02-Au-0.02,Cu|Zn|Au
Cu-0.96-Zn-0.02-Pb-0.02,Cu|Zn|Pb
Cu-0.96-Zn-0.02-Pd-0.02,Cu|Zn|Pd
Cu-0.96-Zn-0.02-Sn-0.02,Cu|Zn|Sn
Cu-0.96-Zn-0.03-Ag-0.01,Cu|Zn|Ag
Cu-0.96-Zn-0.03-Au-0.01,Cu|Zn|Au
Cu-0.96-Zn-0.03-Pd-0.01,Cu|Zn|Pd
Cu-0.96-Zn-0.03-Sn-0.01,Cu|Zn|Sn
Cu-0.96-Zn-0.04,Cu|Zn
Cu-0.97-Ag-0.01-Au-0.02,Cu|Ag|Au
Cu-0.97-Ag-0.01-Cd-0.02,Cu|Ag|Cd
Cu-0.97-Ag-0.01-In-0.02,Cu|Ag|In
Cu-0.97-Ag-0.01-Pb-0.02,Cu|Ag|Pb
Cu-0.97-Ag-0.01-Sn-0.02,Cu|Ag|Sn
Cu-0.97-Ag-0.02-Au-0.01,Cu|Ag|Au
Cu-0.97-Ag-0.02-Cd-0.01,Cu|Ag|Cd
Cu-0.97-Ag-0.02-In-0.01,Cu|Ag|In
Cu-0.97-Ag-0.02-Pb-0.01,Cu|Ag|Pb
Cu-0.97-Ag-0.02-Sn-0.01,Cu|Ag|Sn
Cu-0.97-Ag-0.03,Cu|Ag
Cu-0.97-Au-0.01-Pb-0.02,Cu|Au|Pb
Cu-0.97-Au-0.02-Pb-0.01,Cu|Au|Pb
Cu-0.97-Au-0.03,Cu|Au
Cu-0.97-Cd-0.01-In-0.02,Cu|Cd|In
Cu-0.97-Cd-0.01-Pb-0.02,Cu|Cd|Pb
Cu-0.97-Cd-0.01-Sn-0.02,Cu|Cd|Sn
Cu-0.97-Cd-0.02-In-0.01,Cu|Cd|In
Cu-0.97-Cd-0.02-Pb-0.01,Cu|Cd|Pb
Cu-0.97-Cd-0.02-Sn-0.01,Cu|Cd|Sn
Cu-0.97-In-0.01-Au-0.02,Cu|In|Au
Cu-0.97-In-0.01-Pb-0.02,Cu|In|Pb
Cu-0.97-In-0.01-Sn-0.02,Cu|In|Sn
Cu-0.97-In-0.02-Au-0.01,Cu|In|Au
Cu-0.97-Pb-0.03,Cu|Pb
Cu-0.97-Pd-0.01-Ag-0.02,Cu|Pd|Ag
Cu-0.97-Pd-0.01-Au-0.02,Cu|Pd|Au
Cu-0.97-Pd-0.01-In-0.02,Cu|Pd|In
Cu-0.97-Pd-0.01-Sn-0.02,Cu|Pd|Sn
Cu-0.97-Pd-0.02-Ag-0.01,Cu|Pd|Ag
Cu-0.97-Pd-0.02-In-0.01,Cu|Pd|In
Cu-0.97-Pd-0.02-Pb-0.01,Cu|Pd|Pb
Cu-0.97-Pd-0.02-Sn-0.01,Cu|Pd|Sn
Cu-0.97-Pd-0.03,Cu|Pd
Cu-0.97-Ru-0.01-Ag-0.02,Cu|Ru|Ag
Cu-0.97-Ru-0.01-Au-0.02,Cu|Ru|Au
Cu-0.97-Ru-0.01-Cd-0.02,Cu|Ru|Cd
Cu-0.97-Ru-0.01-In-0.02,Cu|Ru|In
Cu-0.97-Ru-0.01-Pb-0.02,Cu|Ru|Pb
Cu-0.97-Ru-0.01-Pd-0.02,Cu|Ru|Pd
Cu-0.97-Ru-0.01-Sn-0.02,Cu|Ru|Sn
Cu-0.97-Ru-0.02-Ag-0.01,Cu|Ru|Ag
Cu-0.97-Ru-0.02-Cd-0.01,Cu|Ru|Cd
Cu-0.97-Ru-0.02-In-0.01,Cu|Ru|In
Cu-0.97-Ru-0.02-Pd-0.01,Cu|Ru|Pd
Cu-0.97-Ru-0.02-Sn-0.01,Cu|Ru|Sn
Cu-0.97-Ru-0.03,Cu|Ru
Cu-0.97-Sn-0.01-Au-0.02,Cu|Sn|Au
Cu-0.97-Sn-0.02-Au-0.01,Cu|Sn|Au
Cu-0.97-Sn-0.03,Cu|Sn
Cu-0.97-Zn-0.01-Ag-0.02,Cu|Zn|Ag
Cu-0.97-Zn-0.01-Au-0.02,Cu|Zn|Au
Cu-0.97-Zn-0.01-In-0.02,Cu|Zn|In
Cu-0.97-Zn-0.01-Ru-0.02,Cu|Zn|Ru
Cu-0.97-Zn-0.01-Sn-0.02,Cu|Zn|Sn
Cu-0.97-Zn-0.02-Ag-0.01,Cu|Zn|Ag
Cu-0.97-Zn-0.02-Cd-0.01,Cu|Zn|Cd
Cu-0.97-Zn-0.02-In-0.01,Cu|Zn|In
Cu-0.97-Zn-0.02-Pb-0.01,Cu|Zn|Pb
Cu-0.97-Zn-0.02-Pd-0.01,Cu|Zn|Pd
Cu-0.97-Zn-0.02-Sn-0.01,Cu|Zn|Sn
Cu-0.97-Zn-0.03,Cu|Zn
Cu-0.98-Ag-0.01-Au-0.01,Cu|Ag|Au
Cu-0.98-Ag-0.01-Cd-0.01,Cu|Ag|Cd
Cu-0.98-Ag-0.01-Sn-0.01,Cu|Ag|Sn
Cu-0.98-Ag-0.02,Cu|Ag
Cu-0.98-Au-0.01-Pb-0.01,Cu|Au|Pb
Cu-0.98-Au-0.02,Cu|Au
Cu-0.98-Cd-0.01-In-0.01,Cu|Cd|In
Cu-0.98-Cd-0.01-Sn-0.01,Cu|Cd|Sn
Cu-0.98-In-0.01-Au-0.01,Cu|In|Au
Cu-0.98-In-0.01-Pb-0.01,Cu|In|Pb
Cu-0.98-In-0.01-Sn-0.01,Cu|In|Sn
Cu-0.98-In-0.02,Cu|In
Cu-0.98-Pd-0.01-Ag-0.01,Cu|Pd|Ag
Cu-0.98-Pd-0.01-Cd-0.01,Cu|Pd|Cd
Cu-0.98-Pd-0.01-In-0.01,Cu|Pd|In
Cu-0.98-Pd-0.01-Sn-0.01,Cu|Pd|Sn
Cu-0.98-Pd-0.02,Cu|Pd
Cu-0.98-Ru-0.01-Ag-0.01,Cu|Ru|Ag
Cu-0.98-Ru-0.01-Au-0.01,Cu|Ru|Au
Cu-0.98-Ru-0.01-Cd-0.01,Cu|Ru|Cd
Cu-0.98-Ru-0.01-In-0.01,Cu|Ru|In
Cu-0.98-Ru-0.01-Pb-0.01,Cu|Ru|Pb
Cu-0.98-Ru-0.01-Sn-0.01,Cu|Ru|Sn
Cu-0.98-Ru-0.02,Cu|Ru
Cu-0.98-Sn-0.01-Au-0.01,Cu|Sn|Au
Cu-0.98-Sn-0.01-Pb-0.01,Cu|Sn|Pb
Cu-0.98-Sn-0.02,Cu|Sn
Cu-0.98-Zn-0.01-Ag-0.01,Cu|Zn|Ag
Cu-0.98-Zn-0.01-Au-0.01,Cu|Zn|Au
Cu-0.98-Zn-0.01-Cd-0.01,Cu|Zn|Cd
Cu-0.98-Zn-0.01-In-0.01,Cu|Zn|In
Cu-0.98-Zn-0.01-Pb-0.01,Cu|Zn|Pb
Cu-0.98-Zn-0.01-Pd-0.01,Cu|Zn|Pd
Cu-0.98-Zn-0.01-Ru-0.01,Cu|Zn|Ru
Cu-0.99-Au-0.01,Cu|Au
Cu-0.99-In-0.01,Cu|In
Cu-0.99-Pd-0.01,Cu|Pd
Cu-0.99-Sn-0.01,Cu|Sn
Cu-0.99-Zn-0.01,Cu|Zn
Fe-0.01-Co-0.01-Cu-0.98,Fe|Co|Cu
Fe-0.01-Co-0.02-Cu-0.97,Fe|Co|Cu
Fe-0.01-Co-0.04-Cu-0.95,Fe|Co|Cu
Fe-0.01-Cu-0.95-Cd-0.04,Fe|Cu|Cd
Fe-0.01-Cu-0.95-Pb-0.04,Fe|Cu|Pb
Fe-0.01-Cu-0.95-Pd-0.04,Fe|Cu|Pd
Fe-0.01-Cu-0.96-Au-0.03,Fe|Cu|Au
Fe-0.01-Cu-0.96-Cd-0.03,Fe|Cu|Cd
Fe-0.01-Cu-0.96-Pd-0.03,Fe|Cu|Pd
Fe-0.01-Cu-0.96-Sn-0.03,Fe|Cu|Sn
Fe-0.01-Cu-0.97-In-0.02,Fe|Cu|In
Fe-0.01-Cu-0.97-Ru-0.02,Fe|Cu|Ru
Fe-0.01-Cu-0.97-Sn-0.02,Fe|Cu|Sn
Fe-0.01-Cu-0.98-Ag-0.01,Fe|Cu|Ag
Fe-0.01-Cu-0.98-Cd-0.01,Fe|Cu|Cd
Fe-0.01-Cu-0.98-In-0.01,Fe|Cu|In
Fe-0.01-Cu-0.98-Pd-0.01,Fe|Cu|Pd
Fe-0.01-Cu-0.98-Ru-0.01,Fe|Cu|Ru
Fe-0.01-Cu-0.98-Sn-0.01,Fe|Cu|Sn
Fe-0.01-Cu-0.98-Zn-0.01,Fe|Cu|Zn
Fe-0.01-Cu-0.99,Fe|Cu
Fe-0.01-Ni-0.01-Cu-0.98,Fe|Ni|Cu
Fe-0.01-Ni-0.02-Cu-0.97,Fe|Ni|Cu
Fe-0.01-Ni-0.03-Cu-0.96,Fe|Ni|Cu
Fe-0.02-Co-0.01-Cu-0.97,Fe|Co|Cu
Fe-0.02-Co-0.02-Cu-0.96,Fe|Co|Cu
Fe-0.02-Co-0.03-Cu-0.95,Fe|Co|Cu
Fe-0.02-Cu-0.95-Ag-0.03,Fe|Cu|Ag
Fe-0.02-Cu-0.95-Au-0.03,Fe|Cu|Au
Fe-0.02-Cu-0.95-Cd-0.03,Fe|Cu|Cd
Fe-0.02-Cu-0.95-In-0.03,Fe|Cu|In
Fe-0.02-Cu-0.95-Pd-0.03,Fe|Cu|Pd
Fe-0.02-Cu-0.95-Sn-0.03,Fe|Cu|Sn
Fe-0.02-Cu-0.95-Zn-0.03,Fe|Cu|Zn
Fe-0.02-Cu-0.96-Au-0.02,Fe|Cu|Au
Fe-0.02-Cu-0.96-Cd-0.02,Fe|Cu|Cd
Fe-0.02-Cu-0.96-In-0.02,Fe|Cu|In
Fe-0.02-Cu-0.96-Pd-0.02,Fe|Cu|Pd
Fe-0.02-Cu-0.96-Ru-0.02,Fe|Cu|Ru
Fe-0.02-Cu-0.96-Sn-0.02,Fe|Cu|Sn
Fe-0.02-Cu-0.97-Au-0.01,Fe|Cu|Au
Fe-0.02-Cu-0.97-Cd-0.01,Fe|Cu|Cd
Fe-0.02-Cu-0.97-In-0.01,Fe|Cu|In
Fe-0.02-Cu-0.97-Pd-0.01,Fe|Cu|Pd
Fe-0.02-Cu-0.97-Ru-0.01,Fe|Cu|Ru
Fe-0.02-Cu-0.97-Sn-0.01,Fe|Cu|Sn
Fe-0.02-Cu-0.97-Zn-0.01,Fe|Cu|Zn
Fe-0.02-Cu-0.98,Fe|Cu
Fe-0.02-Ni-0.01-Cu-0.97,Fe|Ni|Cu
Fe-0.02-Ni-0.02-Cu-0.96,Fe|Ni|Cu
Fe-0.02-Ni-0.03-Cu-0.95,Fe|Ni|Cu
Fe-0.03-Co-0.01-Cu-0.96,Fe|Co|Cu
Fe-0.03-Co-0.02-Cu-0.95,Fe|Co|Cu
Fe-0.03-Cu-0.95-Ag-0.02,Fe|Cu|Ag
Fe-0.03-Cu-0.95-Au-0.02,Fe|Cu|Au
Fe-0.03-Cu-0.95-In-0.02,Fe|Cu|In
Fe-0.03-Cu-0.95-Pd-0.02,Fe|Cu|Pd
Fe-0.03-Cu-0.95-Ru-0.02,Fe|Cu|Ru
Fe-0.03-Cu-0.95-Sn-0.02,Fe|Cu|Sn
Fe-0.03-Cu-0.95-Zn-0.02,Fe|Cu|Zn
Fe-0.03-Cu-0.96-Ag-0.01,Fe|Cu|Ag
Fe-0.03-Cu-0.96-Au-0.01,Fe|Cu|Au
Fe-0.03-Cu-0.96-In-0.01,Fe|Cu|In
Fe-0.03-Cu-0.96-Pb-0.01,Fe|Cu|Pb
Fe-0.03-Cu-0.96-Pd-0.01,Fe|Cu|Pd
Fe-0.03-Cu-0.96-Ru-0.01,Fe|Cu|Ru
Fe-0.03-Cu-0.96-Sn-0.01,Fe|Cu|Sn
Fe-0.03-Cu-0.96-Zn-0.01,Fe|Cu|Zn
Fe-0.03-Cu-0.97,Fe|Cu
Fe-0.03-Ni-0.02-Cu-0.95,Fe|Ni|Cu
Fe-0.04-Cu-0.95-Ag-0.01,Fe|Cu|Ag
Fe-0.04-Cu-0.95-Cd-0.01,Fe|Cu|Cd
Fe-0.04-Cu-0.95-In-0.01,Fe|Cu|In
Fe-0.04-Cu-0.95-Pb-0.01,Fe|Cu|Pb
Fe-0.04-Cu-0.95-Pd-0.01,Fe|Cu|Pd
Fe-0.04-Cu-0.95-Ru-0.01,Fe|Cu|Ru
Fe-0.04-Cu-0.96,Fe|Cu
Fe-0.04-Ni-0.01-Cu-0.95,Fe|Ni|Cu
Fe-0.05-Cu-0.95,Fe|Cu
Mn-0.01-Co-0.02-Cu-0.97,Mn|Co|Cu
Mn-0.01-Co-0.04-Cu-0.95,Mn|Co|Cu
Mn-0.01-Cu-0.95-Ag-0.04,Mn|Cu|Ag
Mn-0.01-Cu-0.95-Cd-0.04,Mn|Cu|Cd
Mn-0.01-Cu-0.95-Pb-0.04,Mn|Cu|Pb
Mn-0.01-Cu-0.95-Sn-0.04,Mn|Cu|Sn
Mn-0.01-Cu-0.95-Zn-0.04,Mn|Cu|Zn
Mn-0.01-Cu-0.96-Ag-0.03,Mn|Cu|Ag
Mn-0.01-Cu-0.96-Au-0.03,Mn|Cu|Au
Mn-0.01-Cu-0.96-In-0.03,Mn|Cu|In
Mn-0.01-Cu-0.96-Pb-0.03,Mn|Cu|Pb
Mn-0.01-Cu-0.96-Pd-0.03,Mn|Cu|Pd
Mn-0.01-Cu-0.96-Sn-0.03,Mn|Cu|Sn
Mn-0.01-Cu-0.96-Zn-0.03,Mn|Cu|Zn
Mn-0.01-Cu-0.97-Au-0.02,Mn|Cu|Au
Mn-0.01-Cu-0.97-Cd-0.02,Mn|Cu|Cd
Mn-0.01-Cu-0.97-Pb-0.02,Mn|Cu|Pb
Mn-0.01-Cu-0.97-Pd-0.02,Mn|Cu|Pd
Mn-0.01-Cu-0.97-Ru-0.02,Mn|Cu|Ru
Mn-0.01-Cu-0.98-Au-0.01,Mn|Cu|Au
Mn-0.01-Cu-0.98-Cd-0.01,Mn|Cu|Cd
Mn-0.01-Cu-0.98-In-0.01,Mn|Cu|In
Mn-0.01-Cu-0.98-Pd-0.01,Mn|Cu|Pd
Mn-0.01-Cu-0.98-Ru-0.01,Mn|Cu|Ru
Mn-0.01-Cu-0.98-Zn-0.01,Mn|Cu|Zn
Mn-0.01-Cu-0.99,Mn|Cu
Mn-0.01-Fe-0.01-Cu-0.98,Mn|Fe|Cu
Mn-0.01-Fe-0.02-Cu-0.97,Mn|Fe|Cu
Mn-0.01-Fe-0.04-Cu-0.95,Mn|Fe|Cu
Mn-0.01-Ni-0.01-Cu-0.98,Mn|Ni|Cu
Mn-0.01-Ni-0.02-Cu-0.97,Mn|Ni|Cu
Mn-0.01-Ni-0.03-Cu-0.96,Mn|Ni|Cu
Mn-0.01-Ni-0.04-Cu-0.95,Mn|Ni|Cu
Mn-0.02-Co-0.02-Cu-0.96,Mn|Co|Cu
Mn-0.02-Co-0.03-Cu-0.95,Mn|Co|Cu
Mn-0.02-Cu-0.95-Ag-0.03,Mn|Cu|Ag
Mn-0.02-Cu-0.95-Au-0.03,Mn|Cu|Au
Mn-0.02-Cu-0.95-Cd-0.03,Mn|Cu|Cd
Mn-0.02-Cu-0.95-In-0.03,Mn|Cu|In
Mn-0.02-Cu-0.95-Pb-0.03,Mn|Cu|Pb
Mn-0.02-Cu-0.95-Ru-0.03,Mn|Cu|Ru
Mn-0.02-Cu-0.95-Sn-0.03,Mn|Cu|Sn
Mn-0.02-Cu-0.95-Zn-0.03,Mn|Cu|Zn
Mn-0.02-Cu-0.96-Ag-0.02,Mn|Cu|Ag
Mn-0.02-Cu-0.96-Cd-0.02,Mn|Cu|Cd
Mn-0.02-Cu-0.96-In-0.02,Mn|Cu|In
Mn-0.02-Cu-0.96-Pb-0.02,Mn|Cu|Pb
Mn-0.02-Cu-0.96-Pd-0.02,Mn|Cu|Pd
Mn-0.02-Cu-0.96-Ru-0.02,Mn|Cu|Ru
Mn-0.02-Cu-0.96-Sn-0.02,Mn|Cu|Sn
Mn-0.02-Cu-0.96-Zn-0.02,Mn|Cu|Zn
Mn-0.02-Cu-0.97-Au-0.01,Mn|Cu|Au
Mn-0.02-Cu-0.97-Cd-0.01,Mn|Cu|Cd
Mn-0.02-Cu-0.97-In-0.01,Mn|Cu|In
Mn-0.02-Cu-0.97-Pb-0.01,Mn|Cu|Pb
Mn-0.02-Cu-0.97-Pd-0.01,Mn|Cu|Pd
Mn-0.02-Cu-0.97-Ru-0.01,Mn|Cu|Ru
Mn-0.02-Fe-0.01-Cu-0.97,Mn|Fe|Cu
Mn-0.02-Fe-0.02-Cu-0.96,Mn|Fe|Cu
Mn-0.02-Fe-0.03-Cu-0.95,Mn|Fe|Cu
Mn-0.02-Ni-0.01-Cu-0.97,Mn|Ni|Cu
Mn-0.02-Ni-0.02-Cu-0.96,Mn|Ni|Cu
Mn-0.02-Ni-0.03-Cu-0.95,Mn|Ni|Cu
Mn-0.03-Co-0.01-Cu-0.96,Mn|Co|Cu
Mn-0.03-Cu-0.95-Au-0.02,Mn|Cu|Au
Mn-0.03-Cu-0.95-In-0.02,Mn|Cu|In
Mn-0.03-Cu-0.95-Pb-0.02,Mn|Cu|Pb
Mn-0.03-Cu-0.95-Pd-0.02,Mn|Cu|Pd
Mn-0.03-Cu-0.95-Ru-0.02,Mn|Cu|Ru
Mn-0.03-Cu-0.95-Zn-0.02,Mn|Cu|Zn
Mn-0.03-Cu-0.96-Ag-0.01,Mn|Cu|Ag
Mn-0.03-Cu-0.96-Cd-0.01,Mn|Cu|Cd
Mn-0.03-Cu-0.96-Pb-0.01,Mn|Cu|Pb
Mn-0.03-Cu-0.96-Pd-0.01,Mn|Cu|Pd
Mn-0.03-Cu-0.96-Ru-0.01,Mn|Cu|Ru
Mn-0.03-Cu-0.96-Sn-0.01,Mn|Cu|Sn
Mn-0.03-Cu-0.96-Zn-0.01,Mn|Cu|Zn
Mn-0.03-Cu-0.97,Mn|Cu
Mn-0.03-Fe-0.01-Cu-0.96,Mn|Fe|Cu
Mn-0.03-Ni-0.01-Cu-0.96,Mn|Ni|Cu
Mn-0.03-Ni-0.02-Cu-0.95,Mn|Ni|Cu
Mn-0.04-Cu-0.95-Ag-0.01,Mn|Cu|Ag
Mn-0.04-Cu-0.95-Au-0.01,Mn|Cu|Au
Mn-0.04-Cu-0.95-In-0.01,Mn|Cu|In
Mn-0.04-Cu-0.95-Pb-0.01,Mn|Cu|Pb
Mn-0.04-Cu-0.95-Pd-0.01,Mn|Cu|Pd
Mn-0.04-Cu-0.95-Ru-0.01,Mn|Cu|Ru
Mn-0.04-Cu-0.95-Sn-0.01,Mn|Cu|Sn
Mn-0.04-Cu-0.96,Mn|Cu
Mn-0.04-Fe-0.01-Cu-0.95,Mn|Fe|Cu
Mn-0.04-Ni-0.01-Cu-0.95,Mn|Ni|Cu
Mn-0.05-Cu-0.95,Mn|Cu
Ni-0.01-Cu-0.95-Ag-0.04,Ni|Cu|Ag
Ni-0.01-Cu-0.95-Au-0.04,Ni|Cu|Au
Ni-0.01-Cu-0.95-Cd-0.04,Ni|Cu|Cd
Ni-0.01-Cu-0.95-In-0.04,Ni|Cu|In
Ni-0.01-Cu-0.95-Pb-0.04,Ni|Cu|Pb
Ni-0.01-Cu-0.95-Pd-0.04,Ni|Cu|Pd
Ni-0.01-Cu-0.95-Ru-0.04,Ni|Cu|Ru
Ni-0.01-Cu-0.95-Sn-0.04,Ni|Cu|Sn
Ni-0.01-Cu-0.95-Zn-0.04,Ni|Cu|Zn
Ni-0.01-Cu-0.96-Ag-0.03,Ni|Cu|Ag
Ni-0.01-Cu-0.96-Au-0.03,Ni|Cu|Au
Ni-0.01-Cu-0.96-Sn-0.03,Ni|Cu|Sn
Ni-0.01-Cu-0.97-Ag-0.02,Ni|Cu|Ag
Ni-0.01-Cu-0.97-Au-0.02,Ni|Cu|Au
Ni-0.01-Cu-0.97-Cd-0.02,Ni|Cu|Cd
Ni-0.01-Cu-0.97-In-0.02,Ni|Cu|In
Ni-0.01-Cu-0.97-Pd-0.02,Ni|Cu|Pd
Ni-0.01-Cu-0.97-Ru-0.02,Ni|Cu|Ru
Ni-0.01-Cu-0.97-Sn-0.02,Ni|Cu|Sn
Ni-0.01-Cu-0.97-Zn-0.02,Ni|Cu|Zn
Ni-0.01-Cu-0.98-Ag-0.01,Ni|Cu|Ag
Ni-0.01-Cu-0.98-Au-0.01,Ni|Cu|Au
Ni-0.01-Cu-0.98-Cd-0.01,Ni|Cu|Cd
Ni-0.01-Cu-0.98-Pb-0.01,Ni|Cu|Pb
Ni-0.01-Cu-0.98-Pd-0.01,Ni|Cu|Pd
Ni-0.01-Cu-0.98-Ru-0.01,Ni|Cu|Ru
Ni-0.01-Cu-0.98-Sn-0.01,Ni|Cu|Sn
Ni-0.01-Cu-0.98-Zn-0.01,Ni|Cu|Zn
Ni-0.02-Cu-0.95-Au-0.03,Ni|Cu|Au
Ni-0.02-Cu-0.95-Cd-0.03,Ni|Cu|Cd
Ni-0.02-Cu-0.95-In-0.03,Ni|Cu|In
Ni-0.02-Cu-0.95-Pb-0.03,Ni|Cu|Pb
Ni-0.02-Cu-0.95-Pd-0.03,Ni|Cu|Pd
Ni-0.02-Cu-0.95-Ru-0.03,Ni|Cu|Ru
Ni-0.02-Cu-0.95-Zn-0.03,Ni|Cu|Zn
Ni-0.02-Cu-0.96-Ag-0.02,Ni|Cu|Ag
Ni-0.02-Cu-0.96-Au-0.02,Ni|Cu|Au
Ni-0.02-Cu-0.96-Zn-0.02,Ni|Cu|Zn
Ni-0.02-Cu-0.97-Ag-0.01,Ni|Cu|Ag
Ni-0.02-Cu-0.97-Au-0.01,Ni|Cu|Au
Ni-0.02-Cu-0.97-Cd-0.01,Ni|Cu|Cd
Ni-0.02-Cu-0.97-In-0.01,Ni|Cu|In
Ni-0.02-Cu-0.97-Pb-0.01,Ni|Cu|Pb
Ni-0.02-Cu-0.97-Pd-0.01,Ni|Cu|Pd
Ni-0.02-Cu-0.97-Sn-0.01,Ni|Cu|Sn
Ni-0.02-Cu-0.98,Ni|Cu
Ni-0.03-Cu-0.95-Ag-0.02,Ni|Cu|Ag
Ni-0.03-Cu-0.95-Au-0.02,Ni|Cu|Au
Ni-0.03-Cu-0.95-Cd-0.02,Ni|Cu|Cd
Ni-0.03-Cu-0.95-In-0.02,Ni|Cu|In
Ni-0.03-Cu-0.95-Ru-0.02,Ni|Cu|Ru
Ni-0.03-Cu-0.95-Sn-0.02,Ni|Cu|Sn
Ni-0.03-Cu-0.95-Zn-0.02,Ni|Cu|Zn
Ni-0.03-Cu-0.96-Ag-0.01,Ni|Cu|Ag
Ni-0.03-Cu-0.96-Cd-0.01,Ni|Cu|Cd
Ni-0.03-Cu-0.96-In-0.01,Ni|Cu|In
Ni-0.03-Cu-0.96-Pb-0.01,Ni|Cu|Pb
Ni-0.03-Cu-0.96-Pd-0.01,Ni|Cu|Pd
Ni-0.03-Cu-0.96-Ru-0.01,Ni|Cu|Ru
Ni-0.03-Cu-0.96-Zn-0.01,Ni|Cu|Zn
Ni-0.03-Cu-0.97,Ni|Cu
Ni-0.04-Cu-0.95-Ag-0.01,Ni|Cu|Ag
Ni-0.04-Cu-0.95-Au-0.01,Ni|Cu|Au
Ni-0.04-Cu-0.95-Cd-0.01,Ni|Cu|Cd
Ni-0.04-Cu-0.95-Pb-0.01,Ni|Cu|Pb
Ni-0.04-Cu-0.95-Pd-0.01,Ni|Cu|Pd
Ni-0.04-Cu-0.95-Sn-0.01,Ni|Cu|Sn
Ni-0.04-Cu-0.95-Zn-0.01,Ni|Cu|Zn
Ni-0.04-Cu-0.96,Ni|Cu
Ni-0.05-Cu-0.95,Ni|Cu
