composition,phases
Ag-0.50-Au-0.50,mp-1229092
Ag-0.50-Cd-0.50,mp-1183627|mp-567857
Ag-0.50-In-0.50,mp-1184502|mp-21975
Ag-0.50-Pb-0.50,mp-989737|mp-20483
Ag-0.50-Sn-0.50,mp-117|mp-611
Ag-1.00,mp-989737
Au-0.50-Pb-0.50,mp-22795|mp-19871
Au-1.00,mp-81
Cd-0.50-Au-0.50,mp-1404
Cd-0.50-In-0.50,mp-94|mp-1184502
Cd-0.50-Pb-0.50,mp-94|mp-20483
Cd-0.50-Sn-0.50,mp-117|mp-94
Cd-1.00,mp-94
Co-0.50-Ag-0.50,mp-989737|mp-54
Co-0.50-Au-0.50,mp-54|mp-81
Co-0.50-Cd-0.50,mp-54|mp-94
Co-0.50-Cu-0.50,mp-30|mp-54
Co-0.50-In-0.50,mp-22236|mp-54
Co-0.50-Ni-0.50,mp-1183837|mp-23
Co-0.50-Pb-0.50,mp-20483|mp-54
Co-0.50-Pd-0.50,mp-54|mp-2
Co-0.50-Ru-0.50,mp-54|mp-33
Co-0.50-Sn-0.50,mp-20536
Co-0.50-Zn-0.50,mp-54|mp-1192361
Co-1.00,mp-54
Cr-0.50-Ag-0.50,mp-90|mp-989737
Cr-0.50-Au-0.50,mp-81|mp-90
Cr-0.50-Cd-0.50,mp-94|mp-90
Cr-0.50-Co-0.50,mp-90|mp-54
Cr-0.50-Cu-0.50,mp-90|mp-30
Cr-0.50-Fe-0.50,mp-13|mp-90
Cr-0.50-In-0.50,mp-90|mp-1184502
Cr-0.50-Mn-0.50,mp-35|mp-90
Cr-0.50-Ni-0.50,mp-90|mp-784631
Cr-0.50-Pb-0.50,mp-20483|mp-90
Cr-0.50-Pd-0.50,mp-865786|mp-90
Cr-0.50-Ru-0.50,mp-90|mp-33
Cr-0.50-Sn-0.50,mp-117|mp-90
Cr-0.50-Zn-0.50,mp-90|mp-79
Cr-1.00,mp-90
Cu-0.50-Ag-0.50,mp-989737|mp-30
Cu-0.50-Au-0.50,mp-522
Cu-0.50-Cd-0.50,mp-30|mp-94
Cu-0.50-In-0.50,mp-1184502|mp-21985
Cu-0.50-Pb-0.50,mp-20483|mp-30
Cu-0.50-Pd-0.50,mp-1018029
Cu-0.50-Ru-0.50,mp-30|mp-33
Cu-0.50-Sn-0.50,mp-10598
Cu-0.50-Zn-0.50,mp-987
Cu-1.00,mp-30
Fe-0.50-Ag-0.50,mp-989737|mp-13
Fe-0.50-Au-0.50,mp-81|mp-13
Fe-0.50-Cd-0.50,mp-94|mp-13
Fe-0.50-Co-0.50,mp-2090
Fe-0.50-Cu-0.50,mp-13|mp-30
Fe-0.50-In-0.50,mp-13|mp-1184502
Fe-0.50-Ni-0.50,mp-2213
Fe-0.50-Pb-0.50,mp-20483|mp-13
Fe-0.50-Pd-0.50,mp-21845|mp-13
Fe-0.50-Ru-0.50,mp-13|mp-33
Fe-0.50-Sn-0.50,mp-117|mp-27505
Fe-0.50-Zn-0.50,mp-13|mp-1207450
Fe-1.00,mp-13
In-0.50-Au-0.50,mp-1017579|mp-22154
In-0.50-Pb-0.50,mp-20483|mp-1184921
In-0.50-Sn-0.50,mp-117|mp-1184502
In-1.00,mp-1184502
Mn-0.50-Ag-0.50,mp-989737|mp-35
Mn-0.50-Au-0.50,mp-35|mp-11252
Mn-0.50-Cd-0.50,mp-94|mp-35
Mn-0.50-Co-0.50,mp-1185970|mp-54
Mn-0.50-Cu-0.50,mp-35|mp-30
Mn-0.50-Fe-0.50,mp-35|mp-13
Mn-0.50-In-0.50,mp-1184502|mp-35
Mn-0.50-Ni-0.50,mp-35|mp-11501
Mn-0.50-Pb-0.50,mp-20483|mp-35
Mn-0.50-Pd-0.50,mp-1078895|mp-35
Mn-0.50-Ru-0.50,mp-33|mp-35
Mn-0.50-Sn-0.50,mp-35|mp-117
Mn-0.50-Zn-0.50,mp-11504|mp-35
Mn-1.00,mp-35
Ni-0.50-Ag-0.50,mp-23|mp-989737
Ni-0.50-Au-0.50,mp-81|mp-23
Ni-0.50-Cd-0.50,mp-985556
Ni-0.50-Cu-0.50,mp-23|mp-30
Ni-0.50-In-0.50,mp-19876
Ni-0.50-Pb-0.50,mp-23|mp-20483
Ni-0.50-Pd-0.50,mp-23|mp-2
Ni-0.50-Ru-0.50,mp-33|mp-23
Ni-0.50-Sn-0.50,mp-1221030|mp-20174
Ni-0.50-Zn-0.50,mp-429
Ni-1.00,mp-23
Pb-1.00,mp-20483
Pd-0.50-Ag-0.50,mp-1229012
Pd-0.50-Au-0.50,mp-999298|mp-973839
Pd-0.50-Cd-0.50,mp-1696
Pd-0.50-In-0.50,mp-21215
Pd-0.50-Pb-0.50,mp-1210215
Pd-0.50-Sn-0.50,mp-2369
Pd-1.00,mp-2
Ru-0.50-Ag-0.50,mp-33|mp-989737
Ru-0.50-Au-0.50,mp-81|mp-33
Ru-0.50-Cd-0.50,mp-94|mp-33
Ru-0.50-In-0.50,mp-607450|mp-33
Ru-0.50-Pb-0.50,mp-20483|mp-33
Ru-0.50-Pd-0.50,mp-2|mp-33
Ru-0.50-Sn-0.50,mp-22344|mp-33
Ru-1.00,mp-33
Sn-0.50-Au-0.50,mp-1775
Sn-0.50-Pb-0.50,mp-20483|mp-117
Sn-1.00,mp-117
Zn-0.50-Ag-0.50,mp-1912
Zn-0.50-Au-0.50,mp-1684
Zn-0.50-Cd-0.50,mp-79|mp-94
Zn-0.50-In-0.50,mp-1184502|mp-79
Zn-0.50-Pb-0.50,mp-79|mp-20483
Zn-0.50-Pd-0.50,mp-1652
Zn-0.50-Ru-0.50,mp-33|mp-1380
Zn-0.50-Sn-0.50,mp-117|mp-79
Zn-1.00,mp-79
