composition,elements,j_propylene,fe_h2_100,fe_co_100,fe_ch4_100,fe_c2h4_100,fe_c2h6_100,fe_c2h2_100,fe_c3h6_100,fe_c3h8_100,fe_c3h4_100,fe_h2_200,fe_co_200,fe_ch4_200,fe_c2h4_200,fe_c2h6_200,fe_c2h2_200,fe_c3h6_200,fe_c3h8_200,fe_c3h4_200,fe_h2_300,fe_co_300,fe_ch4_300,fe_c2h4_300,fe_c2h6_300,fe_c2h2_300,fe_c3h6_300,fe_c3h8_300,fe_c3h4_300,n_replicates
Ag-0.50-Au-0.50,Ag|Au,0.0052740091579958,35.9445118935204,55.8431818181818,0.0185164403546179,0,0.00295610188697837,0,0.00177974923791381,0.00490109302601179,0,63.3013794715922,31.3488636363636,0.0331986683125725,0.000999312972331522,0.00566586195004188,0,0.00210189461915933,0.00438737944610139,0,87.0584056175134,13.0136363636364,0.0267459694011147,0.00137405533695584,0.00481735122322401,0,0.00175800305266527,0.00328389717709023,0,3
Ag-0.50-Cd-0.50,Ag|Cd,0.00908995179183415,10.8759386663069,59.6045454545455,0,0,0.00131382306087928,0,0.000439846042566547,0.00151668390859063,0,27.1650689735796,38.5738636363636,0.035349567949725,0.00168634064080944,0.00673334318700629,0,0.00224540978341155,0.00448560455913823,0,67.7434944237918,15.4,0.059726430504121,0.00303957695750838,0.00963470244644802,0,0.00302998393061138,0.00523771280813312,0,3
Ag-0.50-In-0.50,Ag|In,0.00459294937977589,41.70533747021,5.51136363636364,0.0362847417050088,0,0.00558374800873692,0,0.00229302681597911,0.00518314892557262,0,58.2680617255085,3.13068181818182,0.0582613249541765,0.00199862594466304,0.00788293836527566,0,0.00229647468988794,0.00451415185083296,0,81.949111937216,1.28030303030303,0.0461975835110163,0.00141569337746966,0.00541952012612701,0,0.00149912752989057,0.00298755910439326,0,3
Ag-0.50-Pb-0.50,Ag|Pb,0.0155879800259835,42.0992400737443,22.3659090909091,0.125126248456963,0.00624570607707201,0.0174081555566504,0,0.00595806442276437,0.010861046686412,0,39.0571662380173,21.3784090909091,0.138218681030936,0.0080569608394229,0.0183114089110049,0,0.00676594656658005,0.0101905380403695,0,50.6825278810409,17.25,0.125437973042058,0.00616242999604439,0.0147257668073552,0,0.00519599334199451,0.00767477379672745,0,3
Ag-0.50-Sn-0.50,Ag|Sn,0.00420498048867977,4.57282251899816,53.5272727272727,0,0,0,0,0,0,0,7.59060088847323,40.8238636363636,0,0,0.000656911530439638,0,0.000296319102777756,0.000659028498819194,0,35.5392812887237,26.1863636363636,0.0263718998990012,0.00104095101284534,0.00394146918263783,0,0.00140166016289326,0.00286111629605781,0,3
Ag-1.00,Ag,0.0164383075462745,10.8101983002833,85.6261363636364,0,0,0,0,0.0020290682812652,0.00415928792067157,0,23.2474865559972,68.3322727272727,0.0308607339243631,0.00180500905627381,0.00596147213873972,0,0.00277740413088688,0.00523696865688579,0,71.1078232135481,26.6165151515151,0.0844274866270153,0.00598338642183499,0.0128371461573413,0,0.00547943584875817,0.0077366564287487,0,3
Au-0.50-Pb-0.50,Au|Pb,0.00238321619176792,36.6201268042628,2.24318181818182,0.036097706953952,0.000499656486165761,0.00574797589134683,0,0.00238321619176792,0.00506590444939529,0,48.2362637362637,1.71022727272727,0.0231923091310366,0.000562113546936481,0.00295610188697837,0,0.00102711415593462,0.00246199912176109,0,86.0165220983065,0,0.0202620980311475,0.000208190202569067,0.00202547721885555,0,0.000294132575803025,0.000693514509235495,0,3
Au-1.00,Au,0.00282568515662604,52.1786051531094,42.2863636363636,0,0,0,0,0.000889310977994641,0.00197662573261262,0,89.5067220014028,13.0193181818182,0.0144484345191337,0,0.00123170911957432,0,0.00123260501755996,0.00209993420253786,0,99.7814126394052,2.99545454545455,0.0154303669621816,0.000374742364624321,0.00139593700218423,0,0.000941895052208681,0.00190826743450297,0,2
Cd-0.50-Au-0.50,Cd|Au,0.00591983458799789,39.0075992625568,43.6181818181818,0,0,0,0,0.000886932895759454,0.000935479487893489,0,48.9368716389993,29.2806818181818,0.0198256836120151,0.0021859971269752,0.00287398794567342,0,0.00149374154076841,0.00289963008740434,0,64.3609252375052,17.7477272727273,0.0352248781156872,0.00220681614723211,0.00541952012612701,0,0.0019732781959993,0.00338376638035431,0,3
Cd-0.50-In-0.50,Cd|In,0.00725032347883054,12.3199109672197,7.03636363636364,0,0,0,0,0.00132964701913619,0.00140419723941038,0,33.178863689502,3.09375,0.027073280215464,0.000468427955780401,0.00357195644676553,0,0.00151654408313764,0.00372436352055374,0,72.543990086741,1.88068181818182,0.0632177458571803,0.00206108300543376,0.00730814077614097,0,0.00241677449294351,0.00388311088794679,0,2
Cd-0.50-Pb-0.50,Cd|Pb,0.00740622774349263,14.8887090246864,38.2,0.0170201623461639,0,0.00279187400436846,0,0.000409795756248945,0.00174561011144171,0,19.9798924479776,29.1272727272727,0.0261848651479445,0.000562113546936481,0.00394146918263783,0,0.00127748115642593,0.00327569518168818,0,28.2627839735646,18.2643939393939,0.0458858589259218,0.0021651781067183,0.00788293836527566,0,0.00246874258116421,0.00438513756346471,0,3
Cd-0.50-Sn-0.50,Cd|Sn,0.00914656051915597,3.34070776563694,27.66,0,0,0,0,0,0,0,21.9780453588964,7.43568181818182,0.0505648449481914,0.00238585972144151,0.0101821287218144,0,0.00235948278665032,0.0068244961761544,0,60.2733002891367,5.55340909090909,0.0827878153094178,0.00338933649782441,0.0110032681348639,0,0.00304885350638532,0.00582706791502682,0,3
Cd-1.00,Cd,0.0098572839127552,9.16947704483115,56.1545454545455,0,0,0.00114959517826937,0,0.00213419527089498,0.00425045851152117,0,18.0566986205284,39.5409090909091,0.0274941084053417,0.000999312972331522,0.00410569706524774,0,0.00171021028898612,0.00394725463286728,0,31.4950020652623,24.5454545454546,0.0636541602763127,0.00316449107904982,0.00925150405369157,0,0.00328576130425173,0.00541150414843143,0,3
Co-0.50-Ag-0.50,Co|Ag,0.0316431476177007,98.5653581545933,0.981818181818182,0.111098642127707,0.0125538692149147,0.0532098339656107,0,0.0316431476177007,0.0807555284339477,0,98.3385550619593,0.4875,0.0566715295701941,0.00459059396664793,0.0205695422968912,0,0.0106064898384757,0.0286457877493748,0,102.137670384139,0.522727272727273,0.0241274828863203,0.000499656486165761,0.0068975710696162,0,0.00332043551315421,0.00916365635873041,0,2
Co-0.50-Au-0.50,Co|Au,0.0216719226111266,100.736094248842,1.95454545454545,0.0927692365241462,0.00911873087252514,0.0440130725394558,0,0.0216719226111266,0.0608719092237736,0,101.992167407061,0.598863636363636,0.0304866644222497,0.00199862594466304,0.0106748123696441,0,0.0050165260845432,0.0143633654640464,0,103.589508467575,0,0.0125936732378209,0.000499656486165761,0.00317507239712492,0,0.00162208288165963,0.00434661069095814,0,3
Co-0.50-Cd-0.50,Co|Cd,0.0357690665020538,97.3791537389271,1.99090909090909,0.199192009875435,0.0174879770158016,0.0888472844919611,0,0.0357690665020538,0.123616708118556,0,97.527706336217,3.95681818181818,0.0940784797815434,0.00643307725938417,0.029068335221954,0,0.0109250377217893,0.0358261375961474,0,100.949772821148,2.01515151515152,0.0296761805010037,0.00145733141798347,0.00706179895222611,0,0.00250450664397725,0.00845230865300064,0,3
Co-0.50-Cu-0.50,Co|Cu,0.0364722303839844,103.166059624983,0.797727272727273,0.132046534246063,0.0177378052588845,0.0686472549309422,0,0.0364722303839844,0.097451042065855,0,104.375847556699,0.281818181818182,0.0750944525492837,0.0086815314471301,0.0323528928741522,0,0.0174496479096606,0.0455709627420835,0,106.455762081784,0,0.0351625331986683,0.00333104324110507,0.0128645174711096,0,0.0070439209052209,0.0179299297946875,0,3
Co-0.50-In-0.50,Co|In,0.0127951378121009,103.545797922568,3.05,0.0908988890135787,0.00349759540316033,0.0517317830221215,0,0.0123557232663128,0.0515284531603485,0,105.181435585691,1.65,0.0506864175363783,0.00206108300543376,0.0238130429784369,0,0.00639756890605043,0.025288749895628,0,106.79083023544,0.931818181818182,0.0285539719946633,0.00112422709387296,0.0117149222928402,0,0.00332413964944439,0.0131459304766004,0,3
Co-0.50-Ni-0.50,Co|Ni,0.00431315293639678,103.155784882414,0,0.0639658848614073,0.00177378052588845,0.0161436008605541,0,0.00431315293639678,0.0140056658144088,0,102.138391395838,0,0.0276063292559758,0.000824433202173506,0.00611748862721913,0,0.0020175140335561,0.00520905285973826,0,102.599248244527,0,0.0134602675843838,0.00018737118231216,0.00277545121610747,0,0.0009394663268302,0.00273415746981715,0,3
Co-0.50-Pb-0.50,Co|Pb,0.0403335671880157,102.324744817663,0,0.14887966184117,0.0177378052588845,0.0734098635266296,0,0.0403335671880157,0.103063615998416,0,103.853518821604,0,0.0489095874013392,0.00405970895009681,0.0183935228523099,0,0.00940541326742783,0.0253656987579118,0,104.859231722429,0,0.0152121597526154,0.000624570607707201,0.00443415283046756,0,0.00213890710275757,0.00601637296387928,0,3
Co-0.50-Pd-0.50,Co|Pd,0.0244385970637849,97.8659112370161,3.17727272727273,0.0908988890135787,0.0103678720879395,0.0476260859568738,0,0.0244385970637849,0.0718946128544265,0,100.331540799626,1.05568181818182,0.0426439232409382,0.00337268128161889,0.0153553070240265,0,0.00721106013215772,0.0204339987232041,0,102.017926476662,0,0.0143393309143506,0.000749484729248642,0.00394146918263783,0,0.00192877895519781,0.00502379289167025,0,3
Co-0.50-Ru-0.50,Co|Ru,0.00343608903572015,97.679077296641,0,0.0407735757303707,0,0.00952521719137475,0,0.00343608903572015,0.00863358617285439,0,97.218611176058,0,0.0224441701268096,0,0.00500895041960224,0,0.00105065150125833,0.00461480713326071,0,97.4493184634449,0,0.0119702240676318,0,0.00251816086668528,0,0.000593354982444809,0.0025828678758054,0,3
Co-0.50-Sn-0.50,Co|Sn,0.00290654066649689,98.481496470165,5.20227272727273,0.0173942318482774,0,0.00640488742178647,0,0.00206161765613076,0.00757245185275729,0,95.5605564648118,2.97159090909091,0.0203867878651854,0,0.00385935524133287,0,0.00114951894250245,0.00372683573204588,0,102.871871127633,1.11439393939394,0.0112844299804237,0,0.00240867561161201,0,0.000968846888832295,0.0024744583289979,0,3
Co-0.50-Zn-0.50,Co|Zn,0.00194921181460291,102.553172354872,0,0,0,0,0,0.000430878511978395,0.00152834152809643,0,100.307458498948,0,0,0,0.000656911530439638,0,0.000892413210426627,0.00263710779347045,0,105.252209830648,0,0.00261848651479445,0,0.00147805094348919,0,0.000649737271534304,0.00212984916811682,0,3
Co-1.00,Co,0.076163901862459,97.9187463465084,0,0.183855160288782,0.0277309349821997,0.0952521719137475,0,0.0629448159242838,0.143348556173614,0,99.5734159457564,0,0.131953016870535,0.0179251764411967,0.0637204184526449,0,0.0380819509312295,0.0932699605038677,0,103.521354812061,0,0.0341650145263657,0.00333104324110507,0.0135761716290859,0,0.00896814587191396,0.0206180188370998,0,3
Cr-0.50-Ag-0.50,Cr|Ag,0.0063350273127181,67.6289401501866,35.5840909090909,0.105487599596005,0.00324776716007745,0.0262764612175855,0,0.0063350273127181,0.0172060125289195,0,94.3919803600655,8.32045454545455,0.0538660083043429,0.001561426519268,0.0133845724327076,0,0.00241527101014555,0.00853666971587875,0,101.333911606774,2.70909090909091,0.0267459694011147,0.000624570607707201,0.00585746114642011,0,0.000987822690814835,0.0037155328212121,0,3
Cr-0.50-Au-0.50,Cr|Au,0.00537882636281888,95.4388686541661,7.02045454545455,0.141772341301014,0.00424708013240897,0.030874841930663,0,0.00537882636281888,0.019398362615109,0,102.38379705401,1.59886363636364,0.0623760894774249,0.0018737118231216,0.014452053669672,0,0.00224877731548569,0.0089429697590411,0,104.643948781495,0.309090909090909,0.0229429294629609,0.000208190202569067,0.00487209385076065,0,0.000919309642167484,0.00298186574522104,0,3
Cr-0.50-Cd-0.50,Cr|Cd,0.00313584865387604,45.9161832816224,30.6763636363636,0.0617027643736206,0,0.00729171798787998,0,0.00181776027978039,0.00676927954515733,0,77.1432429272855,12.0689772727273,0.0414936595219392,0.00024982824308288,0.00550163406743197,0,0.00116660097950909,0.00385651852920091,0,91.1998017348203,5.44977272727273,0.0283731717353084,0.000353923344367414,0.00382103540205723,0,0.00104528288462535,0.00241939397929946,0,3
Cr-0.50-Co-0.50,Cr|Co,0.00694415260442634,99.9649264805072,0,0.0658362323719747,0.00299793891699457,0.0206927132088486,0,0.00694415260442634,0.0213505576452426,0,101.277881692775,0,0.0297385254180227,0.000936855911560802,0.00771871048266575,0,0.00239815805684273,0.00770453992496635,0,101.761668731929,0,0.0129053978229155,0.000166552162055254,0.0028466166319051,0,0.00126011530267815,0.00304512192694691,0,3
Cr-0.50-Cu-0.50,Cr|Cu,0.0029726229120413,93.2586896892846,4.39090909090909,0.0417087494856544,0.0296046468053213,0.00755448260005584,0,0.00182863681889506,0.00483754009892263,0,104.069090483984,0.776136363636364,0.032076459806232,0.0257947660983074,0.00591220377395674,0,0.00138115156112554,0.00522940103682806,0,107.753985956216,0.165909090909091,0.0157732640057856,0.00761976141402786,0.00109485255073273,0,0.000990874304013766,0.0020661003051233,0,3
Cr-0.50-Fe-0.50,Cr|Fe,0.0034284568699406,103.834030307118,0,0.113530093891445,0.00162388358003872,0.0208569410914585,0,0.0034284568699406,0.0124407358670053,0,92.5447743745616,0,0.0537724909288146,0.00193616888389232,0.0094431032500698,0,0.00155077868015306,0.00595819600854224,0,100.326807104502,0,0.0213219616204691,0.000541294526679575,0.00322981502466155,0,0.000817453136896222,0.00229154452977752,0,3
Cr-0.50-In-0.50,Cr|In,0.00282648952100941,86.5861774360358,1.10681818181818,0.0733176224142446,0.00174879770158016,0.0105105844870342,0,0.00253757822083513,0.00790301916118128,0,94.0323825111059,0.605681818181818,0.0464781356376015,0.00112422709387296,0.00648700136309143,0,0.00141324476050471,0.0046180962834297,0,98.2731102850062,0.153030303030303,0.0176436115163531,0,0.00229919035653873,0,0.000510620191604807,0.00243727299818022,0,3
Cr-0.50-Mn-0.50,Cr|Mn,0.00412963883771744,94.7497639282342,0,0.122133692440055,0.00437199425395041,0.0190504343827495,0,0.00412963883771744,0.0115292126216344,0,103.279284545242,0,0.039838401975087,0.000624570607707201,0.00476260859568738,0,0.00112129452205197,0.00338380414040443,0,95.8627839735646,0,0.0204491327822043,0.000208190202569067,0.00218970510146546,0,0.000687009147602821,0.00170167363452252,0,3
Cr-0.50-Ni-0.50,Cr|Ni,0.00755488526196935,99.2333288367283,1.86818181818182,0.0938914450304867,0.00474673661857473,0.016258560378381,0,0.00424474604299714,0.0087215158237324,0,101.686345569324,0.602272727272727,0.0764972131822093,0.00418462307163825,0.0134666863740126,0,0.00377744263098468,0.00695573387234628,0,103.228170177613,0,0.0208232022843178,0.000791122769762455,0.0034487855348081,0,0.00118002455017386,0.00238979277987968,0,3
Cr-0.50-Pb-0.50,Cr|Pb,0.000599011196455097,78.7663564009173,0,0.0372199154602925,0,0.00410569706524774,0,0.000380425862303194,0.00159392901477312,0,94.9788403086275,0,0.0204803052407137,0,0.00172439276740405,0,0.000299505598227548,0.000939678216999426,0,99.6486575795126,0,0.00972580705495081,0,0.000492683647829729,0,9.9246926828074e-05,0.000567139350422411,0,3
Cr-0.50-Pd-0.50,Cr|Pd,0.00140021252950644,103.206529070552,2.11818181818182,0,0,0,0,0,0,0,102.943652092588,1.32386363636364,0,0,0.000574797589134683,0,0,0,0,103.985543163982,0.334090909090909,0,0,0,0,0.000466737509835481,0.000785567040723332,0,3
Cr-0.50-Ru-0.50,Cr|Ru,0.00200775559428763,99.2926840235622,0,0.0317959076796469,0,0,0,0.000401199949371725,0.00156692309600376,0,103.973579611877,0,0.0259978303968877,0,0.00221707641523378,0,0.00100387779714382,0.00230234454584323,0,100.591243287898,0,0.0106609808102345,0,0.00104010992319609,0,0.000512832010541726,0.000915506466139003,0,3
Cr-0.50-Sn-0.50,Cr|Sn,0.00741376617511397,102.359593506902,0,0.171136797216923,0.00687027668477921,0.0356374505263504,0,0.00549950767550182,0.0163935581822364,0,102.304769698387,0,0.113062507013803,0.00412216601086753,0.0223349920349477,0,0.00370688308755699,0.0106548265615146,0,98.6655927302767,0,0.057544358408459,0.00166552162055254,0.0108937828797907,0,0.00155349144641046,0.00506864959175259,0,3
Cr-0.50-Zn-0.50,Cr|Zn,0.00402522233122587,87.9913665182787,12.025,0.088467437249841,0,0.0137951421392324,0,0.00281869872604377,0.00829701344651191,0,96.4463408931494,5.71136363636364,0.0804249429544009,0.00131159827618512,0.0134666863740126,0,0.00201261116561294,0.0068767137552778,0,101.95150764147,0.710606060606061,0.0282422474095687,0,0.00202547721885555,0,0.000707386062426173,0.00256120390429112,0,3
Cr-1.00,Cr,0.00184705347393402,98.3670578713072,0.934090909090909,0.0484420005236973,0,0.00476260859568738,0,0.00184705347393402,0.00481359879703318,0,99.9134907645546,0.379545454545455,0.0353495679497251,0.000687027668477921,0.00328455765219819,0,0.000648202060364054,0.00210020134662755,0,102.312763320942,0,0.00972580705495081,0,0.000383198392756456,0,0.000287471443774053,0.000385738185775404,0,3
Cu-0.50-Ag-0.50,Cu|Ag,1.15058124166387,17.6376185979585,56.1797727272727,0.0363782590805372,6.49068765223909,0.0241743443201787,0,0.383360727443907,0.00469510142235936,0,41.6461421557166,22.8227272727273,1.13308457711443,12.7902941727562,0.016324251531425,0,0.575290620831935,0.00651891383401127,0,74.2518876497315,10.1338636363636,2.74024613773239,5.5808506651677,0.00633372200598884,0.00465445428444337,0.144823387730671,0.00263798447087474,0,3
Cu-0.50-Au-0.50,Cu|Au,0.019572478635416,102.577004361707,0.981818181818182,0.178057083006022,0.0152395228280557,0.0758732817657782,0,0.0195065222418391,0.0817237217030809,0,96.7741407528642,0.653409090909091,0.101092282946171,0.0105552432702517,0.0390041221198535,0,0.00978623931770802,0.0401544749177241,0,102.710119785213,0.264393939393939,0.0415217147345977,0.00478837465908854,0.0145067962972087,0,0.00368973031277232,0.0147591449683782,0,3
Cu-0.50-Cd-0.50,Cu|Cd,0.00615064596162847,9.65645937317325,67.225,0.0288033516627389,0.271563300231091,0,0,0.00148233270561296,0.00111077804531385,0,27.1810848725742,47.2363636363636,0.0518086260427187,0.142714383861096,0.00312032976958828,0.000181972582797525,0.00258203811020017,0.00290882571852276,0,69.369434118133,17.4060606060606,0.123692315365528,0.0672870734703225,0.00328455765219819,0.0002426301103967,0.00205021532054282,0.00360018524781531,0,3
Cu-0.50-In-0.50,Cu|In,0.00508689219407701,27.5079814739871,34.6090909090909,0,0.106426831553307,0,0,0.00114123304328699,0.000794755525463068,0,36.034019172317,10.0113636363636,0.0187034751056746,0.037724064705515,0,0,0.000647985085888747,0.00105624570285167,0,74.8370921106981,1.79469696969697,0.155301188294118,0.0291466283596694,0.00158753619856246,0,0.001695630731359,0.00279539580704732,0,3
Cu-0.50-Pb-0.50,Cu|Pb,0.00861852758252283,48.9138450469895,7.03181818181818,0.161785059664086,0.436824683030417,0.00443415283046756,0,0.0050444241173095,0.00597319689933203,0,65.0917699321955,2.86704545454546,0.139901993790446,0.126100805696084,0.00895041960224007,0,0.00359546506688872,0.00614806354414522,0,74.9980999586948,1.97954545454545,0.161972094415142,0.0693273374554993,0.00733551208990929,0,0.00287284252750761,0.00474583517767648,0,3
Cu-0.50-Pd-0.50,Cu|Pd,1.21222599262468,17.5264175547462,66.5,0,2.51464618075073,0.00262764612175855,0,0.130370936822788,0.00196510263420736,0,41.3913958382044,21.0829545454545,0.814255788725545,13.2098557241896,0.0178187252631752,0,0.60611299631234,0.00530554665832706,0,75.2600578273441,3.88257575757576,1.51442037930647,9.06635021755876,0.010839040252254,0,0.236973254077834,0.00318539256928134,0,3
Cu-0.50-Ru-0.50,Cu|Ru,0.00130764703536999,94.8857862313953,0,0,0,0,0,0,0,0,95.8296703296703,0,0,0.000312285303853601,0,0,0,0,0,104.704254440314,0,0.0102245663911021,0.00024982824308288,0,0,0.00043588234512333,0.000888965302754361,0,3
Cu-0.50-Sn-0.50,Cu|Sn,0.413541513470818,9.82350825127029,70.4727272727273,0,1.48572856161389,0.0596147213873972,0,0.0518877136042881,0.00336526010089978,0,18.5526069675006,32.8068181818182,0.242116485242958,5.22259696458685,0.0291504491632589,0.00157709571757855,0.206770756735409,0.00849451844174209,0,55.1109458901281,20.75,1.20363096796718,1.91326796160973,0.00870407777832521,0.00638925957377977,0.0724571183584719,0.00383889195611849,0,3
Cu-0.50-Zn-0.50,Cu|Zn,0.0294500931592472,17.3951166869014,80.9931818181818,0.0267459694011147,0.747860845668603,0.00114959517826937,0,0.0100167106057358,0.00159779428185431,0,33.7689969604863,67.6409090909091,0.311319343133954,0.862344638061333,0.00451626677177251,0.000909862913987626,0.0147250465796236,0.00335629505777806,0,78.0142090045436,27.2386363636364,0.543460641653886,0.26477629962734,0.00147805094348919,0.00105139714505237,0.00149831177792863,0.00109000555468438,0,3
Cu-1.00,Cu,1.62870121006077,13.2403435406268,55.8831818181818,0,10.3294235213291,0.00627350511569854,0,0.188374622099002,0.00184145860796079,0,28.9881926584054,17.1543181818182,0.174989713088692,26.7932109174942,0.0131957103677062,0,0.814350605030384,0.00710867806283588,0,69.0689136720363,1.92295454545455,0.608068679160588,15.363291903483,0.00661838366917935,0,0.257682416394787,0.00395199574929983,0,3
Fe-0.50-Ag-0.50,Fe|Ag,0.0203548349214463,100.832996087954,0,0.109602364119253,0.00861907438635938,0.0535382897308305,0,0.0163090626858728,0.0613882376665708,0,101.011222819734,1.47272727272727,0.0768712826843228,0.00699519080632066,0.0322707789328472,0,0.0101774174607231,0.0361335148369904,0,102.10565881867,0.581818181818182,0.0300502500031173,0.00220681614723211,0.0109485255073273,0,0.00340145507109463,0.0122226891579422,0,3
Fe-0.50-Au-0.50,Fe|Au,0.0125336745657397,102.991816178785,0,0.130363221486552,0.00524639310474049,0.0541952012612701,0,0.0112928566136706,0.0447461193784312,0,104.775309796586,0,0.0842591553510642,0.00362250952470177,0.0264406891001954,0,0.00626683728286986,0.0211868169971881,0,105.026765799256,0,0.0284916270776444,0.000916036891303895,0.00848510726817866,0,0.00176254841258127,0.00669549351668678,0,3
Fe-0.50-Cd-0.50,Fe|Cd,0.12571849848113,85.822204235802,12.5522727272727,0.484420005236973,0.0884391980513397,0.233860504836511,0,0.12571849848113,0.32318311010057,0,95.4672667757774,7.06704545454545,0.200781805259417,0.0352257822746862,0.0897505378463156,0,0.0446023914092751,0.116500365676987,0,102.768690623709,2.63409090909091,0.0665843713762017,0.0089938167509837,0.0258932628248291,0,0.0125835265215715,0.0323094602696284,0,3
Fe-0.50-Co-0.50,Fe|Co,0.0219189612913894,101.957462116102,0,0.183350166460928,0.0101055524327025,0.0776797884744872,0,0.0187378405654181,0.07317296480892,0,103.088859013327,0,0.0985766655444582,0.00590843794891012,0.0366720861867928,0,0.0109594806456947,0.0374426497093086,0,103.484997934738,0,0.0357049339767329,0.00165303020839839,0.0118025104968988,0,0.00351602628669762,0.0122382953006103,0,3
Fe-0.50-Cu-0.50,Fe|Cu,0.0162424975647945,106.095080714061,0.959318181818182,0.138742378333894,0.0136905877209419,0.0492683647829729,0,0.0162424975647945,0.0540132179938963,0,108.920107552022,0,0.0819212209628549,0.00758228717756542,0.0246998735445304,0,0.00794107935898707,0.0252188019041229,0,110.354308137133,0,0.037307198344119,0.00226927320800283,0.0108116689384857,0,0.00323474611331776,0.0103003025179634,0,3
Fe-0.50-In-0.50,Fe|In,0.0884029354795355,100.300148387967,0,0.390715594957543,0.0438448566610455,0.159465274014222,0,0.0543828163451793,0.153529686061241,0,99.372924947393,1.04090909090909,0.349567949725059,0.0394728624070951,0.123335139840042,0,0.0442014677397677,0.11531280622476,0,102.995125981,0.568181818181818,0.146198830409357,0.0151562467470281,0.0491588795278996,0,0.017658676752317,0.0459004569856754,0,3
Fe-0.50-Ni-0.50,Fe|Ni,0.0202619928896301,100.174917936958,0,0.139340889537276,0.0123664980326026,0.0719318125831404,0,0.0202619928896301,0.0792227329950071,0,100.246434416647,0,0.0421763363632963,0.00193616888389232,0.016340674319686,0,0.00522037028778496,0.0168513621871153,0,101.574721189591,0,0.0185787852716368,0.000957674931817709,0.00607643165656665,0,0.00175055335419054,0.00550863132406632,0,3
Fe-0.50-Pb-0.50,Fe|Pb,0.0180994458447255,92.945051486128,0,0.236785994837841,0.0146149522203485,0.063556190570035,0,0.0180994458447255,0.0524156245113279,0,94.9897124152443,0,0.137002955149067,0.0074323902317157,0.0298073606936986,0,0.00821759267729648,0.0225430307458802,0,98.7142503097893,0,0.037593984962406,0.00162388358003872,0.00793768099281229,0,0.00179909589555157,0.00563538834310962,0,3
Fe-0.50-Pd-0.50,Fe|Pd,0.0167845854695742,99.4068977921669,0,0.0177683013503909,0.000874398850790082,0.021842308387118,0,0.00461075139721107,0.0196373998829116,0,101.530745849895,0,0.0620020199753114,0.00331022422084817,0.0377724130002792,0,0.00839229273478709,0.0448145000275133,0,102.267740603057,0,0.0251873464756418,0.0021651781067183,0.0140688552769156,0,0.00305189178075139,0.0151453130138336,0,3
Fe-0.50-Ru-0.50,Fe|Ru,0.00929978273921402,102.644341022528,0,0,0,0.00468049465438242,0,0.00118406074276855,0.0021630408380983,0,98.9608954874912,0,0.0538660083043429,0.000562113546936481,0.0134256294033601,0,0.0021446910497918,0.010454775086781,0,104.844981412639,0,0.0723824486589608,0.00199862594466304,0.018147181028395,0,0.00309992757973801,0.0146715010179483,0,2
Fe-0.50-Sn-0.50,Fe|Sn,0.0243965523780141,98.1444759206799,3.54545454545454,0.0953877230389406,0.01561426519268,0.0724244962309701,0,0.0243965523780141,0.0924543014747934,0,95.5900163666121,2.19204545454545,0.0467586877641866,0.00693273374554993,0.0250447520980112,0,0.0104168229788894,0.0306011036763896,0,93.7653035935564,1.22121212121212,0.0264342448160201,0.00312285303853601,0.0118244075479135,0,0.00495301119513325,0.0139396365445711,0,3
Fe-0.50-Zn-0.50,Fe|Zn,0.00309063852437619,101.612482575655,0,0.00935173755283732,0,0.00624065953917656,0,0.00214054654505587,0.00822929140041815,0,103.217909749825,0,0.0100998765570643,0,0.00328455765219819,0,0.00126777969841556,0.00452240600055983,0,105.113093762908,0,0.00598511203381588,0,0.00191599196378228,0,0.00103021284145873,0.00239468375568611,0,3
Fe-1.00,Fe,0.00710044886338722,101.259723908449,0,0.0351625331986683,0.00174879770158016,0.0119886354305234,0,0.00285808770545021,0.0101444225328996,0,100.808159925181,0,0.047600344143942,0.00149896945849728,0.0132203445500977,0,0.00355022443169361,0.0141810543603937,0,103.485667079719,0,0.00997518672302647,0.000208190202569067,0.00426992494785765,0,0.000861855910129312,0.00368942584330319,0,3
In-0.50-Au-0.50,In|Au,0.00259232171928214,86.5167048878097,10.8704545454545,0,0,0,0,0,0,0,90.0835866261398,1.50795454545455,0.0325440466838739,0.000312285303853601,0.00353089947611305,0,0.000977940702148329,0.00328536928277774,0,97.9349029326724,0,0.0290527313308146,0.000749484729248642,0.00312032976958828,0,0.000864107239760714,0.00229418221556073,0,3
In-0.50-Pb-0.50,In|Pb,0.00370009505327579,23.0516210261253,2.93409090909091,0,0,0.00114959517826937,0,0.000932772398170053,0.00296436441802347,0,44.9345335515548,1.47727272727273,0.0394643324729735,0.000811941790019362,0.00426992494785765,0,0.0018500475266379,0.00319588467535794,0,59.0646840148699,0.696969696969697,0.0253743812266986,0.000707846688734828,0.00333930027973483,0,0.000888780382561499,0.0024519689995446,0,3
In-0.50-Sn-0.50,In|Sn,0.00861460196065047,15.6461621475786,4.78181818181818,0,0,0.00114959517826937,0,0.000347824084679192,0.0016363107067024,0,41.8744447042319,2.07613636363636,0.0567650469457225,0.00268565361314097,0.0103463566044243,0,0.00260540878557248,0.0050618503977948,0,79.6555142503098,0.653030303030303,0.0776194216885497,0.00345595736264651,0.0129192600986462,0,0.00287153398688349,0.00607656606388368,0,3
In-1.00,In,0.0032394477790487,48.6235891901614,3.00454545454545,0.0357236374518386,0.000374742364624321,0.00574797589134683,0,0.00240472059890984,0.00522781052957363,0,45.2321720832359,2.2875,0.0372199154602925,0.000874398850790082,0.00492683647829729,0,0.00152679407444595,0.00361610802587213,0,71.7433292028088,1.09545454545455,0.0296138355839848,0.000916036891303895,0.00333930027973483,0,0.00107981592634957,0.00233020068709914,0,3
Mn-0.50-Ag-0.50,Mn|Ag,0.0989307671622645,63.7524169252215,39.7136363636364,0.379867579396252,0.0282305914683655,0.0681545712831124,0,0.0244646451238896,0.0473686301189915,0,85.7096095393968,20.4772727272727,0.54034339580294,0.06070826306914,0.121610747072638,0,0.0494653835811322,0.0849270018264641,0,98.0223874432053,8.75454545454546,0.339094003665881,0.0353090583557138,0.0697421074816749,0,0.0281083785374766,0.0459860639492241,0,3
Mn-0.50-Au-0.50,Mn|Au,0.00308920506036571,104.090786456226,0,0.0673325103804287,0.00112422709387296,0.0110032681348639,0,0.00308920506036571,0.00737577614423314,0,103.338905775076,0,0.0213219616204691,0,0.00262764612175855,0,0.000869757021237033,0.00266656040926334,0,104.634200743494,0,0.011097395229367,0,0.00131382306087928,0,0.00066614743835429,0.001349070658108,0,3
Mn-0.50-Cd-0.50,Mn|Cd,0.0968422310819058,44.6456675210216,38.8136363636364,0.380989787902592,0.033476984573106,0.076201737530998,0,0.0317159587252679,0.0571180616305469,0,82.406359597849,12.3022727272727,0.434949313582464,0.0539004434451315,0.103545679985548,0,0.0484211155409529,0.075462430584981,0,98.170673275506,4.6780303030303,0.199441389543511,0.020985572418962,0.0428087347336498,0,0.0183200989212094,0.0302947185658779,0,3
Mn-0.50-Co-0.50,Mn|Co,0.00263367177102276,103.545123431809,0,0.0809860472075712,0,0.0139593700218423,0,0.00263367177102276,0.0111956045915715,0,103.147533317746,0,0.0282422474095687,0,0.00459838071307747,0,0.000979755363755279,0.00423231726302783,0,103.491862866584,0,0.0127183630718587,0,0.00197073459131891,0,0.000626962239485288,0.00209616914364487,0,3
Mn-0.50-Cu-0.50,Mn|Cu,0.00174415256383416,100.254507846576,2.075,0.040586540979314,0.00512147898319905,0,0,0.000630619028914,0.00164840545073587,0,101.457680617255,0,0.0603187072158007,0.00412216601086753,0.00336667159350314,0,0.000872076281917078,0.00218889191147024,0,104.665097067328,0,0.0365341213730844,0.0015406074990111,0.00114959517826937,0,0,0,0,3
Mn-0.50-Fe-0.50,Mn|Fe,0.0266496308345499,103.010926750303,0,0.0883739198743126,0.00112422709387296,0.0174902694979554,0,0.00404642189923694,0.0163839280911191,0,102.905015197568,0,0.232717989002357,0.00730747611017426,0.0480366556633985,0,0.0100832544912332,0.040432875735433,0,104.776208178439,0,0.195077245352187,0.00662044844169633,0.0396610336502932,0,0.0088832102781833,0.033449147375219,0,2
Mn-0.50-In-0.50,Mn|In,0.0282651251185213,83.7339808444624,0,0.274660531926832,0.0119917556679783,0.0445878701285904,0,0.0108504293981065,0.0274742946480282,0,91.3328851999065,0.460227272727273,0.294720008977668,0.0178002623196552,0.04988421934276,0,0.0141325625592607,0.0326057232118363,0,99.3648079306072,0,0.119421688549732,0.00761976141402786,0.0202000295610189,0,0.00633743659846609,0.0123614147731731,0,2
Mn-0.50-Ni-0.50,Mn|Ni,0.00805331397212162,100.914834300103,0,0.066397336625145,0.00262319655237025,0.0110032681348639,0,0.00304476510491211,0.00762340864375673,0,101.986789805939,0,0.0700445142707515,0.00430953719317969,0.0135488003153175,0,0.00402665698606081,0.00767599764884025,0,104.049318463445,0,0.0478185513535081,0.0018737118231216,0.00624065953917656,0,0.00190480789014385,0.00340948934425386,0,3
Mn-0.50-Pb-0.50,Mn|Pb,0.0349568403968946,83.3580871442061,0,0.416900460105488,0.0633939166822809,0.0776797884744872,0,0.0321084923714177,0.0566647337636041,0,92.5312485386954,0,0.243818501477575,0.0604959090625195,0.0438242104744544,0,0.0174784201984473,0.0285409639075814,0,99.6020156959934,0,0.063866132994177,0.00932692107509421,0.00742857455672158,0,0.00359890332284532,0.00560565324001228,0,3
Mn-0.50-Pd-0.50,Mn|Pd,0.0012046383474341,94.8120419083592,8.41136363636364,0,0,0,0,0,0,0,105.09621229834,1.19204545454546,0,0,0,0,0.000602319173717052,0.000356164916946903,0,107.418174308137,0,0,0,0,0,0.000286467290651607,0.000387043565769593,0,3
Mn-0.50-Ru-0.50,Mn|Ru,0,103.193264085615,0,0.00935173755283732,0,0,0,0,0,0,92.2112462006079,0,0.00841656379755359,0,0,0,0,0,0,98.7138372573317,0,0.00529931794660781,0,0,0,0,0,0,3
Mn-0.50-Sn-0.50,Mn|Sn,0.0626240934169653,92.4178245424704,1.91818181818182,0.665469644259904,0.0746986446817813,0.21760194445813,0,0.0611404206575597,0.140757839331249,0,90.5934065934066,1.43863636363636,0.297852841057869,0.0394728624070951,0.0966481089159317,0,0.0313120467084826,0.0596366842959975,0,100.476910367617,0,0.11727078891258,0.00907709283201133,0.0243057266262666,0,0.00674000502091111,0.0121228755689807,0,3
Mn-0.50-Zn-0.50,Mn|Zn,0.0245697870575926,97.3047349251315,3.12272727272727,0.181423708525044,0.00624570607707201,0.0211853968566783,0,0.00666281896354878,0.0146914141933893,0,100.663432312368,3.67159090909091,0.224815770770209,0.0123040409718319,0.0339951717002513,0,0.00977078692341891,0.0219478682239132,0,104.13209417596,0.771212121212121,0.186037232384444,0.01070097641205,0.0282471958089044,0,0.00818992901919754,0.0179590322142056,0,3
Mn-1.00,Mn,0.00219890249872873,100.740096227348,0,0.0435229865709049,0.00142402098557242,0.00147805094348919,0,0.000438181116396022,0.00165175126182579,0,100.966822539163,0,0.0381363857404706,0.00695771656985822,0.00155195349066364,0,0.00109945124936437,0.00224455236293947,0,100.960123915737,0,0.0152745046696343,0.00263985176857577,0.00102916139768877,0,0.000335685941199391,0.00112680685284623,0,3
Ni-0.50-Ag-0.50,Ni|Ag,0.0214573462115418,63.6330320607941,35.1136363636364,0.0841656379755358,0.00412216601086753,0.0182292949697,0,0.00662207017791148,0.00999785181162711,0,58.3973579611877,39.9056818181818,0.0912729585156922,0.010929985634876,0.0225813338588626,0,0.00910388812565264,0.0131318925391411,0,81.3732342007435,19.8136363636364,0.0732552774972257,0.00953511127766327,0.0180103244595534,0,0.0071524487371806,0.0102576767603046,0,3
Ni-0.50-Au-0.50,Ni|Au,0.00436573715224497,102.992962813076,0,0.051733812142296,0.00227343701205421,0.00939383488528682,0,0.00340751205007979,0.00559498101255053,0,102.186006546645,0,0.0394736842105263,0.00257947660983074,0.0087040777783252,0,0.00218286857612248,0.00490865746331675,0,101.660603056588,0,0.0209478921183556,0.00130327066808236,0.00467502039162876,0,0.00134702944746148,0.00283720448830414,0,3
Ni-0.50-Cd-0.50,Ni|Cd,0.0175099240665562,48.6793695759701,36.5165909090909,0.117757079265327,0.0132408968833927,0.0303985810710942,0,0.0110606193052054,0.0132272526328571,0,69.6541968669628,20.59875,0.0910765720270826,0.013615639248017,0.020947266426894,0,0.00875496203327811,0.0109084440778706,0,88.8508137133416,9.73022727272727,0.0472886195588474,0.00715757916432453,0.01022044856109,0,0.00431045284946075,0.00538946826271923,0,3
Ni-0.50-Cu-0.50,Ni|Cu,0.0018463328505926,100.107581276137,0,0,0.00238585972144151,0,0,0,0,0,102.26359597849,0.627272727272727,0.00392772977219167,0.00713884204609331,0,0,0.000451463979355096,0.000931996607813869,0,103.883857909955,0,0.00317959076796469,0.000916036891303895,0.00142878257870621,0,0.000615444283530868,0.000896029300170395,0,3
Ni-0.50-In-0.50,Ni|In,0.0101738957177209,71.1500067449076,4.90227272727273,0.0845397074776493,0.00824433202173506,0.0183935228523099,0,0.00867457145174103,0.0116964513517997,0,76.8016132803367,2.19886363636364,0.0540530430553997,0.00555867840859409,0.0112496099587788,0,0.00508694785886043,0.00686722384856324,0,94.1893432465923,0.742424242424242,0.0263718998990012,0.00224845418774593,0.0046531233406141,0,0.00223461960933688,0.00310731463860585,0,3
Ni-0.50-Pb-0.50,Ni|Pb,0.0590392571700052,91.4072125545213,2.37727272727273,0.284292821606255,0.0480919367934545,0.0714391289353106,0,0.0460071468029669,0.0495517497323115,0,94.7354454056582,1.01477272727273,0.21209740769835,0.0386609206170758,0.0515675551395116,0,0.0295196285850026,0.0317788310382546,0,100.850805452292,0.495454545454545,0.0633424356912181,0.0104511481689672,0.0146162815522819,0,0.00877496719274651,0.00947746338167164,0,3
Ni-0.50-Pd-0.50,Ni|Pd,0.00486876554752577,101.929718062863,0.659090909090909,0,0,0,0,0,0,0,101.640869768529,0,0.00617214678487263,0.00237336830928737,0.00583008983265179,0,0.00243438277376289,0.00405008185837203,0,103.183643122677,0,0.00910235788476166,0.00137405533695584,0.00290135925944174,0,0.00143769633648769,0.0023712600184929,0,3
Ni-0.50-Ru-0.50,Ni|Ru,0.00393670100984504,101.508835828949,0,0,0,0,0,0,0,0,102.676759410802,0,0.040586540979314,0.0018737118231216,0.00369512735872296,0,0.00196465856167978,0.00266716970347038,0,100.706650144568,0,0.0382797790496141,0.00170715966106635,0.00328455765219819,0,0.00131223366994835,0.00164833923078229,0,3
Ni-0.50-Sn-0.50,Ni|Sn,0,90.1577184225909,6.46272727272727,0,0,0,0,0,0,0,96.0249006312836,2.23875,0,0,0,0,0,0,0,100.46077653862,1.22810606060606,0,0,0,0,0,0,0,3
Ni-0.50-Zn-0.50,Ni|Zn,0.0263405964006839,95.0786905886056,5.69090909090909,0.0194516141099016,0.00162388358003872,0.0034487855348081,0,0.00303829441039285,0.00250556259199547,0,99.7847790507365,3.84204545454546,0.101933939325927,0.0189244894135282,0.0206927132088486,0,0.013170298200342,0.0118327260721964,0,102.56117306898,0.838636363636364,0.0321699771817604,0.00616242999604439,0.00607643165656665,0,0.00296768349908923,0.00285050397096438,0,3
Ni-1.00,Ni,0.0616909677882922,97.3742074733576,1.98409090909091,0.289903864137957,0.0514646180750734,0.0704537616396512,0,0.0431880664390938,0.0450524604312748,0,99.5536591068506,0.629545454545455,0.258575543335952,0.0414714883517582,0.0556732522047593,0,0.0308454838941461,0.0327133039257227,0,100.256257744734,0.185606060606061,0.0856619159839898,0.0117419274248954,0.0168059866537474,0,0.00990897577630627,0.0111676304397755,0,3
Pb-1.00,Pb,0.0029583311702681,31.478933405279,0,0.0370328807092358,0.000499656486165761,0.00541952012612701,0,0.00252803219949137,0.00582695339473752,0,47.0577507598784,0.305681818181818,0.0380615718400479,0.000624570607707201,0.00402358312394278,0,0.00141642109797825,0.00347479869795764,0,72.2551838083437,0.184090909090909,0.0271200389032282,0.000374742364624321,0.00268238874929519,0,0.000986110390089366,0.00213558043650239,0,3
Pd-0.50-Ag-0.50,Pd|Ag,0.00302211274729967,5.72080579162732,85.7863636363636,0,0,0,0,0,0,0,18.7014262333411,68.3295454545455,0.0111285676878764,0.00012491412154144,0.000985367295659457,0,0.000912339684717925,0.00118724324639005,0,71.8791408508881,23.5416666666667,0.0242521727203581,0.00204026398517686,0.00317507239712492,0.0002426301103967,0.00100737091576656,0.0022978035579545,0,3
Pd-0.50-Au-0.50,Pd|Au,0.00259715306731655,40.8960609739647,50.6488636363636,0.011783189316575,0,0.00197073459131891,0,0,0,0,88.3686579378069,9.55738636363636,0.0345079115699697,0.000936855911560802,0.00455732374242499,0,0.00129857653365827,0.00315334089121735,0,97.6883519206939,2.62954545454545,0.021789548498111,0.000936855911560802,0.00279187400436846,0,0.000777822950640887,0.00193169665026805,0,2
Pd-0.50-Cd-0.50,Pd|Cd,0.00441734369204243,33.3215297450425,55.5818181818182,0,0,0,0,0,0,0,54.3454524199205,27.1721590909091,0.0367523285826507,0.00402848041971145,0.00517317830221215,0.000636904039791338,0.00220867184602122,0.00353659082405405,0,82.6363073110285,10.6181818181818,0.0257172782703026,0.00256073949159952,0.00361301341741801,0.00012131505519835,0.00142832950543136,0.00260494168906616,0,2
Pd-0.50-In-0.50,Pd|In,0.000777980533206726,76.2831062547776,22.3068181818182,0,0,0,0,0,0,0,86.1883329436521,10.9761363636364,0,0,0,0,0,0,0,98.5035935563817,5.27954545454545,0,0.000957674931817709,0,0,0.000259326844402242,0.000422325630601451,0,3
Pd-0.50-Pb-0.50,Pd|Pb,0.0032734927870528,16.546337515176,9.50613636363636,0,0,0,0,0,0,0,44.7896305821838,3.04670454545455,0.0290558485766655,0.000655799138092561,0.00346520832306909,0,0.00137525118917304,0.00275938012297934,0,70.9756629491945,1.24227272727273,0.0259791269217821,0.000749484729248642,0.00286851368291975,0,0.00109116426235093,0.00198002625701218,0,3
Pd-0.50-Sn-0.50,Pd|Sn,0,71.7141058500832,23.125,0,0,0,0,0,0,0,89.9541734860884,6.08522727272727,0,0.00106177003310224,0,0,0,0,0,96.2194134655101,2.21515151515151,0,0.00220681614723211,0,0,0,0,0,3
Pd-1.00,Pd,0.00749343160598739,11.6947704483115,88.2954545454545,0,0,0,0,0.00139659802192696,0.00274112271575205,0,57.0493336450783,46.7477272727273,0.0608798114689709,0.00455936543626257,0.0078008244239707,0.000667232803590926,0.00264393493558533,0.00491683643365241,0,86.9432465923172,16.9666666666667,0.0549258718936645,0.00516311702371286,0.00739025471744593,0.000768328682922884,0.00249781053532913,0.00384105270513285,0,3
Ru-0.50-Ag-0.50,Ru|Ag,0.00169276415864278,101.692297315527,0,0,0,0,0,0.00169276415864278,0.00178652815754184,0,101.417640869769,0,0,0,0.00172439276740405,0,0,0,0,103.687732342007,0.515909090909091,0.0124378109452736,0,0.00172439276740405,0,0,0,0,2
Ru-0.50-Au-0.50,Ru|Au,0,100.696524124286,0,0,0,0,0,0,0,0,101.004559270517,0,0.0127183630718587,0,0,0,0,0,0,103.650640231309,0,0.01552388433771,0,0.00158753619856246,0,0,0,0,3
Ru-0.50-Cd-0.50,Ru|Cd,0.00425295061692898,88.0226179234678,1.27954545454545,0.0828563947181386,0.000499656486165761,0.016258560378381,0,0.00425295061692898,0.012508078056937,0,96.494271685761,1.35227272727273,0.0323570119328171,0.00012491412154144,0.00459838071307747,0,0.00128020926630724,0.00450624779829016,0,92.9959520859149,1.04469696969697,0.0229429294629609,0,0.00312032976958828,0,0.00105908536159868,0.00261029856258474,0,3
Ru-0.50-In-0.50,Ru|In,0.00245819371432633,28.9363280723054,10.2090909090909,0.0377810197134628,0,0.00394146918263783,0,0.00103396093764723,0.00226323703435151,0,38.0349544072948,2.44431818181818,0.0276811431563985,0.000499656486165761,0.00550163406743197,0,0.00122909685716316,0.00267407894797869,0,56.6066914498141,0.418181818181818,0.022132445541715,0.000333104324110507,0.00476260859568738,0,0.000816364801193592,0.00166008800827051,0,3
Ru-0.50-Pb-0.50,Ru|Pb,0.00147844387839185,73.0320607941005,0,0.0422698537388247,0,0.00640488742178647,0,0.000213621002472776,0.00181077216557222,0,92.9440028057049,0,0.0216960311225826,0,0.00369512735872296,0,0.000739221939195925,0.00264639213638228,0,97.4446096654275,0,0.00941408246985623,0,0.00147805094348919,0,0,0,0,3
Ru-0.50-Pd-0.50,Ru|Pd,0,96.5092854894555,0,0,0,0,0,0,0,0,99.8036006546645,0,0,0,0,0,0,0,0,102.750020652623,0,0,0,0,0,0,0,0,3
Ru-0.50-Sn-0.50,Ru|Sn,0.00357516318159532,55.0892576105041,9.2,0.0194516141099016,0,0.00213496247392882,0,0.000825146382621817,0.00196510778777072,0,53.9824643441665,6.13181818181818,0.0341338420678562,0.000687027668477921,0.00566586195004188,0,0.00150154069975253,0.00383879833468662,0,83.489054109872,2.39924242424242,0.0314218381775334,0.000791122769762455,0.0046531233406141,0,0.00119172106053177,0.00269102320711454,0,3
Ru-1.00,Ru,0.00108684270492198,104.07190071496,0,0,0,0,0,0,0,0,102.87011924246,0,0.0199192009875435,0,0.00270976006306351,0,0.000357822237067665,0.00266755100489798,0,104.566542750929,0,0.0209478921183556,0,0.00213496247392882,0,0.00036228090164066,0.00161751711913165,0,1
Sn-0.50-Au-0.50,Sn|Au,0.0046200348666613,68.8160438868654,14.5477272727273,0,0,0,0,0,0,0,86.4739303249942,2.85568181818182,0.0222571353757528,0.00024982824308288,0.00443415283046756,0,0.00153972735334591,0.0034094336076781,0,94.8498967368856,1.00681818181818,0.0347884636965548,0.00149896945849728,0.00645963004932311,0,0.00154001162222043,0.00350399476412695,0,3
Sn-0.50-Pb-0.50,Sn|Pb,0.00498085455123112,10.0607041683529,8.25227272727273,0,0,0,0,0,0,0,25.816927753098,3.53522727272727,0.0259043130213594,0,0.00443415283046756,0,0.00093599511410506,0.00248552144555205,0,48.5914085088806,1.67272727272727,0.0423321986558436,0.00195698790414923,0.00722602683483602,0,0.00166028485041037,0.00398051318826153,0,3
Sn-1.00,Sn,0.0129373988413094,3.38313323440802,19.7638636363636,0,0,0,0,0,0,0,10.7512158054711,7.42545454545455,0,0,0.00140414839631473,0,0.000712235927533763,0.0022827644967109,0,89.2585047501033,0.807727272727273,0.0958428409331787,0.00457185684841671,0.0160176928172198,0,0.00431246628043647,0.00821578571821747,0,3
Zn-0.50-Ag-0.50,Zn|Ag,0.00924140292460736,31.0151085930123,70.0568181818182,0.0379680544645195,0.000499656486165761,0.00361301341741801,0,0.00273894903997747,0.0251084898278477,0,67.2460837035305,35.2852272727273,0.132981708001347,0.00549622134782337,0.0132203445500977,0,0.00462070146230368,0.018865019382496,0,91.3178851714168,10.9856060606061,0.117520168580656,0.00412216601086753,0.0104558418594976,0,0.00296421678666517,0.00791798132935324,0,3
Zn-0.50-Au-0.50,Zn|Au,0.00252356560184852,66.8578510724403,26.2684090909091,0,0,0,0,0.000504368323749309,0.00421427569532722,0,88.336935936404,10.13625,0.0269470317585007,0.000674536256323778,0.00230329605360398,0,0.000677022068539682,0.00337752608633165,0,98.5872738537794,3.17,0.029317697228145,0.000999312972331522,0.00233203593306072,0,0.000841188533949505,0.00221005925727126,0,2
Zn-0.50-Cd-0.50,Zn|Cd,0.00707368370968051,9.6994019515266,54.8638636363636,0,0,0,0,0.00123066542631435,0.00466558455022321,0,19.041010053776,41.3582954545454,0.0217147345976882,0.000749484729248642,0.00304642722241382,0,0.00102468661038071,0.00489538081995885,0,55.5469144981413,16.8821212121212,0.0594334093941321,0.00288135240355589,0.00782819573773902,0,0.0023578945698935,0.00461783986075675,0,3
Zn-0.50-In-0.50,Zn|In,0.00253179333243247,6.81932640856154,10.4318181818182,0,0,0,0,0,0,0,34.6723170446575,3.52045454545455,0.0163655407174653,0,0.001806506708709,0,0.00100598452056442,0.00267932864774927,0,81.8451879388682,0.475,0.0276811431563985,0.000707846688734828,0.00257290349422192,0,0.000843931110810823,0.0019406879977745,0,3
Zn-0.50-Pb-0.50,Zn|Pb,0.00493886465118997,30.1043212374657,7.30909090909091,0.0200127183630719,0,0.00131382306087928,0,0.0017519164603603,0.00246907689309152,0,30.2485386953472,7.06704545454545,0.0365652938315939,0.000999312972331522,0.00402358312394278,0,0.00181047813261876,0.00305746273513562,0,69.3797604295746,2.47424242424242,0.0524944201299268,0.00158224553952491,0.00514580698844383,0,0.00164628821706332,0.00298611440625924,0,3
Zn-0.50-Pd-0.50,Zn|Pd,0.000898662303195021,85.4858581770763,12.3045454545454,0,0,0,0,0,0,0,95.2115969137246,4.97386363636364,0.00944525492836569,0.000312285303853601,0.000821139413049548,0,0.000359940425489302,0.000861114088983242,0,100.024452705494,2.03257575757576,0.00504993827853215,0,0.000492683647829729,0,0.000299554101065007,0.000433318094425902,0,3
Zn-0.50-Ru-0.50,Zn|Ru,0.00124920077001917,95.96388101983,2.805,0,0,0,0,0,0,0,96.5889174655132,1.93840909090909,0.00782740433172483,0,0.00242646696556141,0,0.000250397829387867,0.00121236492541888,0,100.86063197026,1.24727272727273,0.00496577264055661,0,0.000812928018919052,0,0.000416400256673056,0.000569376769044917,0,2
Zn-0.50-Sn-0.50,Zn|Sn,0.00789573478225224,3.59481091775709,15.0113636363636,0,0,0,0,0,0,0,7.41395838204349,8.1625,0,0,0,0,0,0,0,51.2998760842627,2.825,0.0529308345490592,0.00291466283596694,0.00979893032905794,0,0.00263191159408408,0.00480589228187576,0,3
Zn-1.00,Zn,0.00799403097085805,11.7592967309681,83.825,0,0,0,0,0.000629630606646344,0.00126996757856322,0,28.9943885901333,66.8693181818182,0.0567650469457225,0.000874398850790082,0.00361301341741801,0,0.00178921299982735,0.00336989910578738,0,84.9838909541512,16.1924242424242,0.159914712153518,0.00324776716007745,0.00875882040586184,0,0.00266467699028602,0.00425700081909593,0,3
