condition,partner_a,partner_b,ligand,base,solvent,yield_pct
6-Cl-Q|boronic-acid|AmPhos|CsF|DMF,6-Cl-Q,boronic-acid,AmPhos,CsF,DMF,4.2474
6-Cl-Q|boronic-acid|AmPhos|CsF|MeCN,6-Cl-Q,boronic-acid,AmPhos,CsF,MeCN,2.7097
6-Cl-Q|boronic-acid|AmPhos|CsF|MeOH,6-Cl-Q,boronic-acid,AmPhos,CsF,MeOH,31.8161
6-Cl-Q|boronic-acid|AmPhos|CsF|THF,6-Cl-Q,boronic-acid,AmPhos,CsF,THF,44.9831
6-Cl-Q|boronic-acid|AmPhos|Et3N|DMF,6-Cl-Q,boronic-acid,AmPhos,Et3N,DMF,4.5964
6-Cl-Q|boronic-acid|AmPhos|Et3N|MeCN,6-Cl-Q,boronic-acid,AmPhos,Et3N,MeCN,2.1337
6-Cl-Q|boronic-acid|AmPhos|Et3N|MeOH,6-Cl-Q,boronic-acid,AmPhos,Et3N,MeOH,13.3462
6-Cl-Q|boronic-acid|AmPhos|Et3N|THF,6-Cl-Q,boronic-acid,AmPhos,Et3N,THF,48.8032
6-Cl-Q|boronic-acid|AmPhos|K3PO4|DMF,6-Cl-Q,boronic-acid,AmPhos,K3PO4,DMF,5.0771
6-Cl-Q|boronic-acid|AmPhos|K3PO4|MeCN,6-Cl-Q,boronic-acid,AmPhos,K3PO4,MeCN,2.578
6-Cl-Q|boronic-acid|AmPhos|K3PO4|MeOH,6-Cl-Q,boronic-acid,AmPhos,K3PO4,MeOH,12.5658
6-Cl-Q|boronic-acid|AmPhos|K3PO4|THF,6-Cl-Q,boronic-acid,AmPhos,K3PO4,THF,33.019
6-Cl-Q|boronic-acid|AmPhos|KOH|DMF,6-Cl-Q,boronic-acid,AmPhos,KOH,DMF,3.2971
6-Cl-Q|boronic-acid|AmPhos|KOH|MeCN,6-Cl-Q,boronic-acid,AmPhos,KOH,MeCN,2.4859
6-Cl-Q|boronic-acid|AmPhos|KOH|MeOH,6-Cl-Q,boronic-acid,AmPhos,KOH,MeOH,22.5196
6-Cl-Q|boronic-acid|AmPhos|KOH|THF,6-Cl-Q,boronic-acid,AmPhos,KOH,THF,42.733
6-Cl-Q|boronic-acid|AmPhos|LiOtBu|DMF,6-Cl-Q,boronic-acid,AmPhos,LiOtBu,DMF,4.121
6-Cl-Q|boronic-acid|AmPhos|LiOtBu|MeCN,6-Cl-Q,boronic-acid,AmPhos,LiOtBu,MeCN,1.9905
6-Cl-Q|boronic-acid|AmPhos|LiOtBu|MeOH,6-Cl-Q,boronic-acid,AmPhos,LiOtBu,MeOH,12.7864
6-Cl-Q|boronic-acid|AmPhos|LiOtBu|THF,6-Cl-Q,boronic-acid,AmPhos,LiOtBu,THF,58.5147
6-Cl-Q|boronic-acid|AmPhos|NaHCO3|DMF,6-Cl-Q,boronic-acid,AmPhos,NaHCO3,DMF,2.5368
6-Cl-Q|boronic-acid|AmPhos|NaHCO3|MeCN,6-Cl-Q,boronic-acid,AmPhos,NaHCO3,MeCN,2.4618
6-Cl-Q|boronic-acid|AmPhos|NaHCO3|MeOH,6-Cl-Q,boronic-acid,AmPhos,NaHCO3,MeOH,13.0776
6-Cl-Q|boronic-acid|AmPhos|NaHCO3|THF,6-Cl-Q,boronic-acid,AmPhos,NaHCO3,THF,57.4844
6-Cl-Q|boronic-acid|AmPhos|NaOH|DMF,6-Cl-Q,boronic-acid,AmPhos,NaOH,DMF,5.3378
6-Cl-Q|boronic-acid|AmPhos|NaOH|MeCN,6-Cl-Q,boronic-acid,AmPhos,NaOH,MeCN,2.5838
6-Cl-Q|boronic-acid|AmPhos|NaOH|MeOH,6-Cl-Q,boronic-acid,AmPhos,NaOH,MeOH,30.9589
6-Cl-Q|boronic-acid|AmPhos|NaOH|THF,6-Cl-Q,boronic-acid,AmPhos,NaOH,THF,61.2001
6-Cl-Q|boronic-acid|AmPhos|None|DMF,6-Cl-Q,boronic-acid,AmPhos,None,DMF,5.4276
6-Cl-Q|boronic-acid|AmPhos|None|MeCN,6-Cl-Q,boronic-acid,AmPhos,None,MeCN,1.5322
6-Cl-Q|boronic-acid|AmPhos|None|MeOH,6-Cl-Q,boronic-acid,AmPhos,None,MeOH,32.2546
6-Cl-Q|boronic-acid|AmPhos|None|THF,6-Cl-Q,boronic-acid,AmPhos,None,THF,64.5583
6-Cl-Q|boronic-acid|CataCXium A|CsF|DMF,6-Cl-Q,boronic-acid,CataCXium A,CsF,DMF,12.8923
6-Cl-Q|boronic-acid|CataCXium A|CsF|MeCN,6-Cl-Q,boronic-acid,CataCXium A,CsF,MeCN,3.3227
6-Cl-Q|boronic-acid|CataCXium A|CsF|MeOH,6-Cl-Q,boronic-acid,CataCXium A,CsF,MeOH,28.1258
6-Cl-Q|boronic-acid|CataCXium A|CsF|THF,6-Cl-Q,boronic-acid,CataCXium A,CsF,THF,61.2923
6-Cl-Q|boronic-acid|CataCXium A|Et3N|DMF,6-Cl-Q,boronic-acid,CataCXium A,Et3N,DMF,6.2643
6-Cl-Q|boronic-acid|CataCXium A|Et3N|MeCN,6-Cl-Q,boronic-acid,CataCXium A,Et3N,MeCN,4.4681
6-Cl-Q|boronic-acid|CataCXium A|Et3N|MeOH,6-Cl-Q,boronic-acid,CataCXium A,Et3N,MeOH,31.0234
6-Cl-Q|boronic-acid|CataCXium A|Et3N|THF,6-Cl-Q,boronic-acid,CataCXium A,Et3N,THF,80.7441
6-Cl-Q|boronic-acid|CataCXium A|K3PO4|DMF,6-Cl-Q,boronic-acid,CataCXium A,K3PO4,DMF,11.9092
6-Cl-Q|boronic-acid|CataCXium A|K3PO4|MeCN,6-Cl-Q,boronic-acid,CataCXium A,K3PO4,MeCN,3.6861
6-Cl-Q|boronic-acid|CataCXium A|K3PO4|MeOH,6-Cl-Q,boronic-acid,CataCXium A,K3PO4,MeOH,15.2281
6-Cl-Q|boronic-acid|CataCXium A|K3PO4|THF,6-Cl-Q,boronic-acid,CataCXium A,K3PO4,THF,55.8517
6-Cl-Q|boronic-acid|CataCXium A|KOH|DMF,6-Cl-Q,boronic-acid,CataCXium A,KOH,DMF,10.6668
6-Cl-Q|boronic-acid|CataCXium A|KOH|MeCN,6-Cl-Q,boronic-acid,CataCXium A,KOH,MeCN,3.2186
6-Cl-Q|boronic-acid|CataCXium A|KOH|MeOH,6-Cl-Q,boronic-acid,CataCXium A,KOH,MeOH,30.7734
6-Cl-Q|boronic-acid|CataCXium A|KOH|THF,6-Cl-Q,boronic-acid,CataCXium A,KOH,THF,62.3266
6-Cl-Q|boronic-acid|CataCXium A|LiOtBu|DMF,6-Cl-Q,boronic-acid,CataCXium A,LiOtBu,DMF,6.2669
6-Cl-Q|boronic-acid|CataCXium A|LiOtBu|MeCN,6-Cl-Q,boronic-acid,CataCXium A,LiOtBu,MeCN,3.5664
6-Cl-Q|boronic-acid|CataCXium A|LiOtBu|MeOH,6-Cl-Q,boronic-acid,CataCXium A,LiOtBu,MeOH,13.5624
6-Cl-Q|boronic-acid|CataCXium A|LiOtBu|THF,6-Cl-Q,boronic-acid,CataCXium A,LiOtBu,THF,62.0179
6-Cl-Q|boronic-acid|CataCXium A|NaHCO3|DMF,6-Cl-Q,boronic-acid,CataCXium A,NaHCO3,DMF,7.8529
6-Cl-Q|boronic-acid|CataCXium A|NaHCO3|MeCN,6-Cl-Q,boronic-acid,CataCXium A,NaHCO3,MeCN,3.3471
6-Cl-Q|boronic-acid|CataCXium A|NaHCO3|MeOH,6-Cl-Q,boronic-acid,CataCXium A,NaHCO3,MeOH,25.1514
6-Cl-Q|boronic-acid|CataCXium A|NaHCO3|THF,6-Cl-Q,boronic-acid,CataCXium A,NaHCO3,THF,70.4549
6-Cl-Q|boronic-acid|CataCXium A|NaOH|DMF,6-Cl-Q,boronic-acid,CataCXium A,NaOH,DMF,8.5992
6-Cl-Q|boronic-acid|CataCXium A|NaOH|MeCN,6-Cl-Q,boronic-acid,CataCXium A,NaOH,MeCN,3.2508
6-Cl-Q|boronic-acid|CataCXium A|NaOH|MeOH,6-Cl-Q,boronic-acid,CataCXium A,NaOH,MeOH,14.9072
6-Cl-Q|boronic-acid|CataCXium A|NaOH|THF,6-Cl-Q,boronic-acid,CataCXium A,NaOH,THF,79.4676
6-Cl-Q|boronic-acid|CataCXium A|None|DMF,6-Cl-Q,boronic-acid,CataCXium A,None,DMF,8.8876
6-Cl-Q|boronic-acid|CataCXium A|None|MeCN,6-Cl-Q,boronic-acid,CataCXium A,None,MeCN,4.429
6-Cl-Q|boronic-acid|CataCXium A|None|MeOH,6-Cl-Q,boronic-acid,CataCXium A,None,MeOH,41.5919
6-Cl-Q|boronic-acid|CataCXium A|None|THF,6-Cl-Q,boronic-acid,CataCXium A,None,THF,83.6189
6-Cl-Q|boronic-acid|None|CsF|DMF,6-Cl-Q,boronic-acid,None,CsF,DMF,18.7347
6-Cl-Q|boronic-acid|None|CsF|MeCN,6-Cl-Q,boronic-acid,None,CsF,MeCN,10.2189
6-Cl-Q|boronic-acid|None|CsF|MeOH,6-Cl-Q,boronic-acid,None,CsF,MeOH,33.6816
6-Cl-Q|boronic-acid|None|CsF|THF,6-Cl-Q,boronic-acid,None,CsF,THF,8.4166
6-Cl-Q|boronic-acid|None|Et3N|DMF,6-Cl-Q,boronic-acid,None,Et3N,DMF,15.0525
6-Cl-Q|boronic-acid|None|Et3N|MeCN,6-Cl-Q,boronic-acid,None,Et3N,MeCN,19.5109
6-Cl-Q|boronic-acid|None|Et3N|MeOH,6-Cl-Q,boronic-acid,None,Et3N,MeOH,15.3646
6-Cl-Q|boronic-acid|None|Et3N|THF,6-Cl-Q,boronic-acid,None,Et3N,THF,14.6678
6-Cl-Q|boronic-acid|None|K3PO4|DMF,6-Cl-Q,boronic-acid,None,K3PO4,DMF,14.0787
6-Cl-Q|boronic-acid|None|K3PO4|MeCN,6-Cl-Q,boronic-acid,None,K3PO4,MeCN,10.0003
6-Cl-Q|boronic-acid|None|K3PO4|MeOH,6-Cl-Q,boronic-acid,None,K3PO4,MeOH,13.7673
6-Cl-Q|boronic-acid|None|K3PO4|THF,6-Cl-Q,boronic-acid,None,K3PO4,THF,7.9758
6-Cl-Q|boronic-acid|None|KOH|DMF,6-Cl-Q,boronic-acid,None,KOH,DMF,15.8812
6-Cl-Q|boronic-acid|None|KOH|MeCN,6-Cl-Q,boronic-acid,None,KOH,MeCN,18.1598
6-Cl-Q|boronic-acid|None|KOH|MeOH,6-Cl-Q,boronic-acid,None,KOH,MeOH,26.2733
6-Cl-Q|boronic-acid|None|KOH|THF,6-Cl-Q,boronic-acid,None,KOH,THF,17.8335
6-Cl-Q|boronic-acid|None|LiOtBu|DMF,6-Cl-Q,boronic-acid,None,LiOtBu,DMF,15.8868
6-Cl-Q|boronic-acid|None|LiOtBu|MeCN,6-Cl-Q,boronic-acid,None,LiOtBu,MeCN,17.1759
6-Cl-Q|boronic-acid|None|LiOtBu|MeOH,6-Cl-Q,boronic-acid,None,LiOtBu,MeOH,15.4193
6-Cl-Q|boronic-acid|None|LiOtBu|THF,6-Cl-Q,boronic-acid,None,LiOtBu,THF,35.3665
6-Cl-Q|boronic-acid|None|NaHCO3|DMF,6-Cl-Q,boronic-acid,None,NaHCO3,DMF,5.2957
6-Cl-Q|boronic-acid|None|NaHCO3|MeCN,6-Cl-Q,boronic-acid,None,NaHCO3,MeCN,10.9941
6-Cl-Q|boronic-acid|None|NaHCO3|MeOH,6-Cl-Q,boronic-acid,None,NaHCO3,MeOH,12.6453
6-Cl-Q|boronic-acid|None|NaHCO3|THF,6-Cl-Q,boronic-acid,None,NaHCO3,THF,8.3316
6-Cl-Q|boronic-acid|None|NaOH|DMF,6-Cl-Q,boronic-acid,None,NaOH,DMF,8.3148
6-Cl-Q|boronic-acid|None|NaOH|MeCN,6-Cl-Q,boronic-acid,None,NaOH,MeCN,17.0852
6-Cl-Q|boronic-acid|None|NaOH|MeOH,6-Cl-Q,boronic-acid,None,NaOH,MeOH,15.3288
6-Cl-Q|boronic-acid|None|NaOH|THF,6-Cl-Q,boronic-acid,None,NaOH,THF,19.9965
6-Cl-Q|boronic-acid|None|None|DMF,6-Cl-Q,boronic-acid,None,None,DMF,15.1235
6-Cl-Q|boronic-acid|None|None|MeCN,6-Cl-Q,boronic-acid,None,None,MeCN,8.2874
6-Cl-Q|boronic-acid|None|None|MeOH,6-Cl-Q,boronic-acid,None,None,MeOH,13.9067
6-Cl-Q|boronic-acid|None|None|THF,6-Cl-Q,boronic-acid,None,None,THF,11.5267
6-Cl-Q|boronic-acid|P(Cy)3|CsF|DMF,6-Cl-Q,boronic-acid,P(Cy)3,CsF,DMF,42.5433
6-Cl-Q|boronic-acid|P(Cy)3|CsF|MeCN,6-Cl-Q,boronic-acid,P(Cy)3,CsF,MeCN,6.4865
6-Cl-Q|boronic-acid|P(Cy)3|CsF|MeOH,6-Cl-Q,boronic-acid,P(Cy)3,CsF,MeOH,30.9444
6-Cl-Q|boronic-acid|P(Cy)3|CsF|THF,6-Cl-Q,boronic-acid,P(Cy)3,CsF,THF,50.9505
6-Cl-Q|boronic-acid|P(Cy)3|Et3N|DMF,6-Cl-Q,boronic-acid,P(Cy)3,Et3N,DMF,7.5643
6-Cl-Q|boronic-acid|P(Cy)3|Et3N|MeCN,6-Cl-Q,boronic-acid,P(Cy)3,Et3N,MeCN,5.0521
6-Cl-Q|boronic-acid|P(Cy)3|Et3N|MeOH,6-Cl-Q,boronic-acid,P(Cy)3,Et3N,MeOH,27.8881
6-Cl-Q|boronic-acid|P(Cy)3|Et3N|THF,6-Cl-Q,boronic-acid,P(Cy)3,Et3N,THF,82.6475
6-Cl-Q|boronic-acid|P(Cy)3|K3PO4|DMF,6-Cl-Q,boronic-acid,P(Cy)3,K3PO4,DMF,6.9658
6-Cl-Q|boronic-acid|P(Cy)3|K3PO4|MeCN,6-Cl-Q,boronic-acid,P(Cy)3,K3PO4,MeCN,5.8267
6-Cl-Q|boronic-acid|P(Cy)3|K3PO4|MeOH,6-Cl-Q,boronic-acid,P(Cy)3,K3PO4,MeOH,14.3965
6-Cl-Q|boronic-acid|P(Cy)3|K3PO4|THF,6-Cl-Q,boronic-acid,P(Cy)3,K3PO4,THF,50.057
6-Cl-Q|boronic-acid|P(Cy)3|KOH|DMF,6-Cl-Q,boronic-acid,P(Cy)3,KOH,DMF,7.4702
6-Cl-Q|boronic-acid|P(Cy)3|KOH|MeCN,6-Cl-Q,boronic-acid,P(Cy)3,KOH,MeCN,6.4562
6-Cl-Q|boronic-acid|P(Cy)3|KOH|MeOH,6-Cl-Q,boronic-acid,P(Cy)3,KOH,MeOH,39.3059
6-Cl-Q|boronic-acid|P(Cy)3|KOH|THF,6-Cl-Q,boronic-acid,P(Cy)3,KOH,THF,55.0785
6-Cl-Q|boronic-acid|P(Cy)3|LiOtBu|DMF,6-Cl-Q,boronic-acid,P(Cy)3,LiOtBu,DMF,6.7076
6-Cl-Q|boronic-acid|P(Cy)3|LiOtBu|MeCN,6-Cl-Q,boronic-acid,P(Cy)3,LiOtBu,MeCN,6.0831
6-Cl-Q|boronic-acid|P(Cy)3|LiOtBu|MeOH,6-Cl-Q,boronic-acid,P(Cy)3,LiOtBu,MeOH,13.3135
6-Cl-Q|boronic-acid|P(Cy)3|LiOtBu|THF,6-Cl-Q,boronic-acid,P(Cy)3,LiOtBu,THF,78.1514
6-Cl-Q|boronic-acid|P(Cy)3|NaHCO3|DMF,6-Cl-Q,boronic-acid,P(Cy)3,NaHCO3,DMF,10.5917
6-Cl-Q|boronic-acid|P(Cy)3|NaHCO3|MeCN,6-Cl-Q,boronic-acid,P(Cy)3,NaHCO3,MeCN,5.2671
6-Cl-Q|boronic-acid|P(Cy)3|NaHCO3|MeOH,6-Cl-Q,boronic-acid,P(Cy)3,NaHCO3,MeOH,27.887
6-Cl-Q|boronic-acid|P(Cy)3|NaHCO3|THF,6-Cl-Q,boronic-acid,P(Cy)3,NaHCO3,THF,61.8864
6-Cl-Q|boronic-acid|P(Cy)3|NaOH|DMF,6-Cl-Q,boronic-acid,P(Cy)3,NaOH,DMF,12.7404
6-Cl-Q|boronic-acid|P(Cy)3|NaOH|MeCN,6-Cl-Q,boronic-acid,P(Cy)3,NaOH,MeCN,4.4432
6-Cl-Q|boronic-acid|P(Cy)3|NaOH|MeOH,6-Cl-Q,boronic-acid,P(Cy)3,NaOH,MeOH,32.7228
6-Cl-Q|boronic-acid|P(Cy)3|NaOH|THF,6-Cl-Q,boronic-acid,P(Cy)3,NaOH,THF,69.942
6-Cl-Q|boronic-acid|P(Cy)3|None|DMF,6-Cl-Q,boronic-acid,P(Cy)3,None,DMF,7.0618
6-Cl-Q|boronic-acid|P(Cy)3|None|MeCN,6-Cl-Q,boronic-acid,P(Cy)3,None,MeCN,5.7969
6-Cl-Q|boronic-acid|P(Cy)3|None|MeOH,6-Cl-Q,boronic-acid,P(Cy)3,None,MeOH,17.6511
6-Cl-Q|boronic-acid|P(Cy)3|None|THF,6-Cl-Q,boronic-acid,P(Cy)3,None,THF,73.9667
6-Cl-Q|boronic-acid|P(Ph)3|CsF|DMF,6-Cl-Q,boronic-acid,P(Ph)3,CsF,DMF,6.2365
6-Cl-Q|boronic-acid|P(Ph)3|CsF|MeCN,6-Cl-Q,boronic-acid,P(Ph)3,CsF,MeCN,4.3592
6-Cl-Q|boronic-acid|P(Ph)3|CsF|MeOH,6-Cl-Q,boronic-acid,P(Ph)3,CsF,MeOH,13.6437
6-Cl-Q|boronic-acid|P(Ph)3|CsF|THF,6-Cl-Q,boronic-acid,P(Ph)3,CsF,THF,7.242
6-Cl-Q|boronic-acid|P(Ph)3|Et3N|DMF,6-Cl-Q,boronic-acid,P(Ph)3,Et3N,DMF,4.613
6-Cl-Q|boronic-acid|P(Ph)3|Et3N|MeCN,6-Cl-Q,boronic-acid,P(Ph)3,Et3N,MeCN,6.1403
6-Cl-Q|boronic-acid|P(Ph)3|Et3N|MeOH,6-Cl-Q,boronic-acid,P(Ph)3,Et3N,MeOH,17.4322
6-Cl-Q|boronic-acid|P(Ph)3|Et3N|THF,6-Cl-Q,boronic-acid,P(Ph)3,Et3N,THF,10.1595
6-Cl-Q|boronic-acid|P(Ph)3|K3PO4|DMF,6-Cl-Q,boronic-acid,P(Ph)3,K3PO4,DMF,5.2992
6-Cl-Q|boronic-acid|P(Ph)3|K3PO4|MeCN,6-Cl-Q,boronic-acid,P(Ph)3,K3PO4,MeCN,4.7314
6-Cl-Q|boronic-acid|P(Ph)3|K3PO4|MeOH,6-Cl-Q,boronic-acid,P(Ph)3,K3PO4,MeOH,15.4978
6-Cl-Q|boronic-acid|P(Ph)3|K3PO4|THF,6-Cl-Q,boronic-acid,P(Ph)3,K3PO4,THF,6.6575
6-Cl-Q|boronic-acid|P(Ph)3|KOH|DMF,6-Cl-Q,boronic-acid,P(Ph)3,KOH,DMF,4.36
6-Cl-Q|boronic-acid|P(Ph)3|KOH|MeCN,6-Cl-Q,boronic-acid,P(Ph)3,KOH,MeCN,4.822
6-Cl-Q|boronic-acid|P(Ph)3|KOH|MeOH,6-Cl-Q,boronic-acid,P(Ph)3,KOH,MeOH,18.3726
6-Cl-Q|boronic-acid|P(Ph)3|KOH|THF,6-Cl-Q,boronic-acid,P(Ph)3,KOH,THF,7.7717
6-Cl-Q|boronic-acid|P(Ph)3|LiOtBu|DMF,6-Cl-Q,boronic-acid,P(Ph)3,LiOtBu,DMF,7.0666
6-Cl-Q|boronic-acid|P(Ph)3|LiOtBu|MeCN,6-Cl-Q,boronic-acid,P(Ph)3,LiOtBu,MeCN,5.4484
6-Cl-Q|boronic-acid|P(Ph)3|LiOtBu|MeOH,6-Cl-Q,boronic-acid,P(Ph)3,LiOtBu,MeOH,22.9309
6-Cl-Q|boronic-acid|P(Ph)3|LiOtBu|THF,6-Cl-Q,boronic-acid,P(Ph)3,LiOtBu,THF,9.9194
6-Cl-Q|boronic-acid|P(Ph)3|NaHCO3|DMF,6-Cl-Q,boronic-acid,P(Ph)3,NaHCO3,DMF,6.8385
6-Cl-Q|boronic-acid|P(Ph)3|NaHCO3|MeCN,6-Cl-Q,boronic-acid,P(Ph)3,NaHCO3,MeCN,4.7538
6-Cl-Q|boronic-acid|P(Ph)3|NaHCO3|MeOH,6-Cl-Q,boronic-acid,P(Ph)3,NaHCO3,MeOH,37.4725
6-Cl-Q|boronic-acid|P(Ph)3|NaHCO3|THF,6-Cl-Q,boronic-acid,P(Ph)3,NaHCO3,THF,8.1117
6-Cl-Q|boronic-acid|P(Ph)3|NaOH|DMF,6-Cl-Q,boronic-acid,P(Ph)3,NaOH,DMF,6.2716
6-Cl-Q|boronic-acid|P(Ph)3|NaOH|MeCN,6-Cl-Q,boronic-acid,P(Ph)3,NaOH,MeCN,4.121
6-Cl-Q|boronic-acid|P(Ph)3|NaOH|MeOH,6-Cl-Q,boronic-acid,P(Ph)3,NaOH,MeOH,15.345
6-Cl-Q|boronic-acid|P(Ph)3|NaOH|THF,6-Cl-Q,boronic-acid,P(Ph)3,NaOH,THF,8.0839
6-Cl-Q|boronic-acid|P(Ph)3|None|DMF,6-Cl-Q,boronic-acid,P(Ph)3,None,DMF,4.8825
6-Cl-Q|boronic-acid|P(Ph)3|None|MeCN,6-Cl-Q,boronic-acid,P(Ph)3,None,MeCN,4.1531
6-Cl-Q|boronic-acid|P(Ph)3|None|MeOH,6-Cl-Q,boronic-acid,P(Ph)3,None,MeOH,14.6995
6-Cl-Q|boronic-acid|P(Ph)3|None|THF,6-Cl-Q,boronic-acid,P(Ph)3,None,THF,9.4364
6-Cl-Q|boronic-acid|P(o-Tol)3|CsF|DMF,6-Cl-Q,boronic-acid,P(o-Tol)3,CsF,DMF,1.0494
6-Cl-Q|boronic-acid|P(o-Tol)3|CsF|MeCN,6-Cl-Q,boronic-acid,P(o-Tol)3,CsF,MeCN,2.1007
6-Cl-Q|boronic-acid|P(o-Tol)3|CsF|MeOH,6-Cl-Q,boronic-acid,P(o-Tol)3,CsF,MeOH,31.9778
6-Cl-Q|boronic-acid|P(o-Tol)3|CsF|THF,6-Cl-Q,boronic-acid,P(o-Tol)3,CsF,THF,2.228
6-Cl-Q|boronic-acid|P(o-Tol)3|Et3N|DMF,6-Cl-Q,boronic-acid,P(o-Tol)3,Et3N,DMF,2.5567
6-Cl-Q|boronic-acid|P(o-Tol)3|Et3N|MeCN,6-Cl-Q,boronic-acid,P(o-Tol)3,Et3N,MeCN,1.9803
6-Cl-Q|boronic-acid|P(o-Tol)3|Et3N|MeOH,6-Cl-Q,boronic-acid,P(o-Tol)3,Et3N,MeOH,14.6491
6-Cl-Q|boronic-acid|P(o-Tol)3|Et3N|THF,6-Cl-Q,boronic-acid,P(o-Tol)3,Et3N,THF,5.9704
6-Cl-Q|boronic-acid|P(o-Tol)3|K3PO4|DMF,6-Cl-Q,boronic-acid,P(o-Tol)3,K3PO4,DMF,0.9881
6-Cl-Q|boronic-acid|P(o-Tol)3|K3PO4|MeCN,6-Cl-Q,boronic-acid,P(o-Tol)3,K3PO4,MeCN,1.8818
6-Cl-Q|boronic-acid|P(o-Tol)3|K3PO4|MeOH,6-Cl-Q,boronic-acid,P(o-Tol)3,K3PO4,MeOH,13.0393
6-Cl-Q|boronic-acid|P(o-Tol)3|K3PO4|THF,6-Cl-Q,boronic-acid,P(o-Tol)3,K3PO4,THF,2.6756
6-Cl-Q|boronic-acid|P(o-Tol)3|KOH|DMF,6-Cl-Q,boronic-acid,P(o-Tol)3,KOH,DMF,3.5439
6-Cl-Q|boronic-acid|P(o-Tol)3|KOH|MeCN,6-Cl-Q,boronic-acid,P(o-Tol)3,KOH,MeCN,2.0595
6-Cl-Q|boronic-acid|P(o-Tol)3|KOH|MeOH,6-Cl-Q,boronic-acid,P(o-Tol)3,KOH,MeOH,18.242
6-Cl-Q|boronic-acid|P(o-Tol)3|KOH|THF,6-Cl-Q,boronic-acid,P(o-Tol)3,KOH,THF,3.0327
6-Cl-Q|boronic-acid|P(o-Tol)3|LiOtBu|DMF,6-Cl-Q,boronic-acid,P(o-Tol)3,LiOtBu,DMF,2.6669
6-Cl-Q|boronic-acid|P(o-Tol)3|LiOtBu|MeCN,6-Cl-Q,boronic-acid,P(o-Tol)3,LiOtBu,MeCN,2.4528
6-Cl-Q|boronic-acid|P(o-Tol)3|LiOtBu|MeOH,6-Cl-Q,boronic-acid,P(o-Tol)3,LiOtBu,MeOH,11.6388
6-Cl-Q|boronic-acid|P(o-Tol)3|LiOtBu|THF,6-Cl-Q,boronic-acid,P(o-Tol)3,LiOtBu,THF,5.1214
6-Cl-Q|boronic-acid|P(o-Tol)3|NaHCO3|DMF,6-Cl-Q,boronic-acid,P(o-Tol)3,NaHCO3,DMF,1.1874
6-Cl-Q|boronic-acid|P(o-Tol)3|NaHCO3|MeCN,6-Cl-Q,boronic-acid,P(o-Tol)3,NaHCO3,MeCN,1.9563
6-Cl-Q|boronic-acid|P(o-Tol)3|NaHCO3|MeOH,6-Cl-Q,boronic-acid,P(o-Tol)3,NaHCO3,MeOH,14.4047
6-Cl-Q|boronic-acid|P(o-Tol)3|NaHCO3|THF,6-Cl-Q,boronic-acid,P(o-Tol)3,NaHCO3,THF,2.2298
6-Cl-Q|boronic-acid|P(o-Tol)3|NaOH|DMF,6-Cl-Q,boronic-acid,P(o-Tol)3,NaOH,DMF,5.372
6-Cl-Q|boronic-acid|P(o-Tol)3|NaOH|MeCN,6-Cl-Q,boronic-acid,P(o-Tol)3,NaOH,MeCN,1.9499
6-Cl-Q|boronic-acid|P(o-Tol)3|NaOH|MeOH,6-Cl-Q,boronic-acid,P(o-Tol)3,NaOH,MeOH,34.2366
6-Cl-Q|boronic-acid|P(o-Tol)3|NaOH|THF,6-Cl-Q,boronic-acid,P(o-Tol)3,NaOH,THF,7.2041
6-Cl-Q|boronic-acid|P(o-Tol)3|None|DMF,6-Cl-Q,boronic-acid,P(o-Tol)3,None,DMF,1.2187
6-Cl-Q|boronic-acid|P(o-Tol)3|None|MeCN,6-Cl-Q,boronic-acid,P(o-Tol)3,None,MeCN,2.6466
6-Cl-Q|boronic-acid|P(o-Tol)3|None|MeOH,6-Cl-Q,boronic-acid,P(o-Tol)3,None,MeOH,16.987
6-Cl-Q|boronic-acid|P(o-Tol)3|None|THF,6-Cl-Q,boronic-acid,P(o-Tol)3,None,THF,4.8126
6-Cl-Q|boronic-acid|P(tBu)3|CsF|DMF,6-Cl-Q,boronic-acid,P(tBu)3,CsF,DMF,1.2208
6-Cl-Q|boronic-acid|P(tBu)3|CsF|MeCN,6-Cl-Q,boronic-acid,P(tBu)3,CsF,MeCN,1.7868
6-Cl-Q|boronic-acid|P(tBu)3|CsF|MeOH,6-Cl-Q,boronic-acid,P(tBu)3,CsF,MeOH,28.4479
6-Cl-Q|boronic-acid|P(tBu)3|CsF|THF,6-Cl-Q,boronic-acid,P(tBu)3,CsF,THF,39.1692
6-Cl-Q|boronic-acid|P(tBu)3|Et3N|DMF,6-Cl-Q,boronic-acid,P(tBu)3,Et3N,DMF,17.9039
6-Cl-Q|boronic-acid|P(tBu)3|Et3N|MeCN,6-Cl-Q,boronic-acid,P(tBu)3,Et3N,MeCN,7.8232
6-Cl-Q|boronic-acid|P(tBu)3|Et3N|MeOH,6-Cl-Q,boronic-acid,P(tBu)3,Et3N,MeOH,12.6211
6-Cl-Q|boronic-acid|P(tBu)3|Et3N|THF,6-Cl-Q,boronic-acid,P(tBu)3,Et3N,THF,68.7223
6-Cl-Q|boronic-acid|P(tBu)3|K3PO4|DMF,6-Cl-Q,boronic-acid,P(tBu)3,K3PO4,DMF,3.6925
6-Cl-Q|boronic-acid|P(tBu)3|K3PO4|MeCN,6-Cl-Q,boronic-acid,P(tBu)3,K3PO4,MeCN,3.004
6-Cl-Q|boronic-acid|P(tBu)3|K3PO4|MeOH,6-Cl-Q,boronic-acid,P(tBu)3,K3PO4,MeOH,26.8503
6-Cl-Q|boronic-acid|P(tBu)3|K3PO4|THF,6-Cl-Q,boronic-acid,P(tBu)3,K3PO4,THF,41.2342
6-Cl-Q|boronic-acid|P(tBu)3|KOH|DMF,6-Cl-Q,boronic-acid,P(tBu)3,KOH,DMF,13.5475
6-Cl-Q|boronic-acid|P(tBu)3|KOH|MeCN,6-Cl-Q,boronic-acid,P(tBu)3,KOH,MeCN,5.5969
6-Cl-Q|boronic-acid|P(tBu)3|KOH|MeOH,6-Cl-Q,boronic-acid,P(tBu)3,KOH,MeOH,14.9066
6-Cl-Q|boronic-acid|P(tBu)3|KOH|THF,6-Cl-Q,boronic-acid,P(tBu)3,KOH,THF,48.5611
6-Cl-Q|boronic-acid|P(tBu)3|LiOtBu|DMF,6-Cl-Q,boronic-acid,P(tBu)3,LiOtBu,DMF,23.0726
6-Cl-Q|boronic-acid|P(tBu)3|LiOtBu|MeCN,6-Cl-Q,boronic-acid,P(tBu)3,LiOtBu,MeCN,7.0789
6-Cl-Q|boronic-acid|P(tBu)3|LiOtBu|MeOH,6-Cl-Q,boronic-acid,P(tBu)3,LiOtBu,MeOH,12.8484
6-Cl-Q|boronic-acid|P(tBu)3|LiOtBu|THF,6-Cl-Q,boronic-acid,P(tBu)3,LiOtBu,THF,66.1567
6-Cl-Q|boronic-acid|P(tBu)3|NaHCO3|DMF,6-Cl-Q,boronic-acid,P(tBu)3,NaHCO3,DMF,3.4956
6-Cl-Q|boronic-acid|P(tBu)3|NaHCO3|MeCN,6-Cl-Q,boronic-acid,P(tBu)3,NaHCO3,MeCN,3.1577
6-Cl-Q|boronic-acid|P(tBu)3|NaHCO3|MeOH,6-Cl-Q,boronic-acid,P(tBu)3,NaHCO3,MeOH,27.2989
6-Cl-Q|boronic-acid|P(tBu)3|NaHCO3|THF,6-Cl-Q,boronic-acid,P(tBu)3,NaHCO3,THF,66.7358
6-Cl-Q|boronic-acid|P(tBu)3|NaOH|DMF,6-Cl-Q,boronic-acid,P(tBu)3,NaOH,DMF,17.3301
6-Cl-Q|boronic-acid|P(tBu)3|NaOH|MeCN,6-Cl-Q,boronic-acid,P(tBu)3,NaOH,MeCN,4.7641
6-Cl-Q|boronic-acid|P(tBu)3|NaOH|MeOH,6-Cl-Q,boronic-acid,P(tBu)3,NaOH,MeOH,33.3686
6-Cl-Q|boronic-acid|P(tBu)3|NaOH|THF,6-Cl-Q,boronic-acid,P(tBu)3,NaOH,THF,33.7884
6-Cl-Q|boronic-acid|P(tBu)3|None|DMF,6-Cl-Q,boronic-acid,P(tBu)3,None,DMF,19.0765
6-Cl-Q|boronic-acid|P(tBu)3|None|MeCN,6-Cl-Q,boronic-acid,P(tBu)3,None,MeCN,9.7591
6-Cl-Q|boronic-acid|P(tBu)3|None|MeOH,6-Cl-Q,boronic-acid,P(tBu)3,None,MeOH,13.8795
6-Cl-Q|boronic-acid|P(tBu)3|None|THF,6-Cl-Q,boronic-acid,P(tBu)3,None,THF,67.5735
6-Cl-Q|boronic-acid|SPhos|CsF|DMF,6-Cl-Q,boronic-acid,SPhos,CsF,DMF,63.8781
6-Cl-Q|boronic-acid|SPhos|CsF|MeCN,6-Cl-Q,boronic-acid,SPhos,CsF,MeCN,68.444
6-Cl-Q|boronic-acid|SPhos|CsF|MeOH,6-Cl-Q,boronic-acid,SPhos,CsF,MeOH,18.4166
6-Cl-Q|boronic-acid|SPhos|CsF|THF,6-Cl-Q,boronic-acid,SPhos,CsF,THF,60.8256
6-Cl-Q|boronic-acid|SPhos|Et3N|DMF,6-Cl-Q,boronic-acid,SPhos,Et3N,DMF,72.8356
6-Cl-Q|boronic-acid|SPhos|Et3N|MeCN,6-Cl-Q,boronic-acid,SPhos,Et3N,MeCN,78.9579
6-Cl-Q|boronic-acid|SPhos|Et3N|MeOH,6-Cl-Q,boronic-acid,SPhos,Et3N,MeOH,18.0202
6-Cl-Q|boronic-acid|SPhos|Et3N|THF,6-Cl-Q,boronic-acid,SPhos,Et3N,THF,87.8201
6-Cl-Q|boronic-acid|SPhos|K3PO4|DMF,6-Cl-Q,boronic-acid,SPhos,K3PO4,DMF,39.8297
6-Cl-Q|boronic-acid|SPhos|K3PO4|MeCN,6-Cl-Q,boronic-acid,SPhos,K3PO4,MeCN,53.3442
6-Cl-Q|boronic-acid|SPhos|K3PO4|MeOH,6-Cl-Q,boronic-acid,SPhos,K3PO4,MeOH,22.2538
6-Cl-Q|boronic-acid|SPhos|K3PO4|THF,6-Cl-Q,boronic-acid,SPhos,K3PO4,THF,47.9422
6-Cl-Q|boronic-acid|SPhos|KOH|DMF,6-Cl-Q,boronic-acid,SPhos,KOH,DMF,62.7748
6-Cl-Q|boronic-acid|SPhos|KOH|MeCN,6-Cl-Q,boronic-acid,SPhos,KOH,MeCN,78.4174
6-Cl-Q|boronic-acid|SPhos|KOH|MeOH,6-Cl-Q,boronic-acid,SPhos,KOH,MeOH,19.0166
6-Cl-Q|boronic-acid|SPhos|KOH|THF,6-Cl-Q,boronic-acid,SPhos,KOH,THF,73.3055
6-Cl-Q|boronic-acid|SPhos|LiOtBu|DMF,6-Cl-Q,boronic-acid,SPhos,LiOtBu,DMF,71.5427
6-Cl-Q|boronic-acid|SPhos|LiOtBu|MeCN,6-Cl-Q,boronic-acid,SPhos,LiOtBu,MeCN,85.7734
6-Cl-Q|boronic-acid|SPhos|LiOtBu|MeOH,6-Cl-Q,boronic-acid,SPhos,LiOtBu,MeOH,16.8303
6-Cl-Q|boronic-acid|SPhos|LiOtBu|THF,6-Cl-Q,boronic-acid,SPhos,LiOtBu,THF,85.9474
6-Cl-Q|boronic-acid|SPhos|NaHCO3|DMF,6-Cl-Q,boronic-acid,SPhos,NaHCO3,DMF,42.1326
6-Cl-Q|boronic-acid|SPhos|NaHCO3|MeCN,6-Cl-Q,boronic-acid,SPhos,NaHCO3,MeCN,69.2209
6-Cl-Q|boronic-acid|SPhos|NaHCO3|MeOH,6-Cl-Q,boronic-acid,SPhos,NaHCO3,MeOH,16.5133
6-Cl-Q|boronic-acid|SPhos|NaHCO3|THF,6-Cl-Q,boronic-acid,SPhos,NaHCO3,THF,79.8467
6-Cl-Q|boronic-acid|SPhos|NaOH|DMF,6-Cl-Q,boronic-acid,SPhos,NaOH,DMF,77.8489
6-Cl-Q|boronic-acid|SPhos|NaOH|MeCN,6-Cl-Q,boronic-acid,SPhos,NaOH,MeCN,86.2621
6-Cl-Q|boronic-acid|SPhos|NaOH|MeOH,6-Cl-Q,boronic-acid,SPhos,NaOH,MeOH,43.3
6-Cl-Q|boronic-acid|SPhos|NaOH|THF,6-Cl-Q,boronic-acid,SPhos,NaOH,THF,87.0599
6-Cl-Q|boronic-acid|SPhos|None|DMF,6-Cl-Q,boronic-acid,SPhos,None,DMF,49.1231
6-Cl-Q|boronic-acid|SPhos|None|MeCN,6-Cl-Q,boronic-acid,SPhos,None,MeCN,66.8041
6-Cl-Q|boronic-acid|SPhos|None|MeOH,6-Cl-Q,boronic-acid,SPhos,None,MeOH,21.4729
6-Cl-Q|boronic-acid|SPhos|None|THF,6-Cl-Q,boronic-acid,SPhos,None,THF,89.1672
6-Cl-Q|boronic-acid|XPhos|CsF|DMF,6-Cl-Q,boronic-acid,XPhos,CsF,DMF,60.8804
6-Cl-Q|boronic-acid|XPhos|CsF|MeCN,6-Cl-Q,boronic-acid,XPhos,CsF,MeCN,73.0197
6-Cl-Q|boronic-acid|XPhos|CsF|MeOH,6-Cl-Q,boronic-acid,XPhos,CsF,MeOH,35.0039
6-Cl-Q|boronic-acid|XPhos|CsF|THF,6-Cl-Q,boronic-acid,XPhos,CsF,THF,53.5151
6-Cl-Q|boronic-acid|XPhos|Et3N|DMF,6-Cl-Q,boronic-acid,XPhos,Et3N,DMF,67.4844
6-Cl-Q|boronic-acid|XPhos|Et3N|MeCN,6-Cl-Q,boronic-acid,XPhos,Et3N,MeCN,90.3018
6-Cl-Q|boronic-acid|XPhos|Et3N|MeOH,6-Cl-Q,boronic-acid,XPhos,Et3N,MeOH,32.8601
6-Cl-Q|boronic-acid|XPhos|Et3N|THF,6-Cl-Q,boronic-acid,XPhos,Et3N,THF,88.9253
6-Cl-Q|boronic-acid|XPhos|K3PO4|DMF,6-Cl-Q,boronic-acid,XPhos,K3PO4,DMF,39.4896
6-Cl-Q|boronic-acid|XPhos|K3PO4|MeCN,6-Cl-Q,boronic-acid,XPhos,K3PO4,MeCN,60.6695
6-Cl-Q|boronic-acid|XPhos|K3PO4|MeOH,6-Cl-Q,boronic-acid,XPhos,K3PO4,MeOH,22.2397
6-Cl-Q|boronic-acid|XPhos|K3PO4|THF,6-Cl-Q,boronic-acid,XPhos,K3PO4,THF,52.3255
6-Cl-Q|boronic-acid|XPhos|KOH|DMF,6-Cl-Q,boronic-acid,XPhos,KOH,DMF,79.1449
6-Cl-Q|boronic-acid|XPhos|KOH|MeCN,6-Cl-Q,boronic-acid,XPhos,KOH,MeCN,92.2242
6-Cl-Q|boronic-acid|XPhos|KOH|MeOH,6-Cl-Q,boronic-acid,XPhos,KOH,MeOH,40.2493
6-Cl-Q|boronic-acid|XPhos|KOH|THF,6-Cl-Q,boronic-acid,XPhos,KOH,THF,72.0008
6-Cl-Q|boronic-acid|XPhos|LiOtBu|DMF,6-Cl-Q,boronic-acid,XPhos,LiOtBu,DMF,61.4737
6-Cl-Q|boronic-acid|XPhos|LiOtBu|MeCN,6-Cl-Q,boronic-acid,XPhos,LiOtBu,MeCN,92.8344
6-Cl-Q|boronic-acid|XPhos|LiOtBu|MeOH,6-Cl-Q,boronic-acid,XPhos,LiOtBu,MeOH,27.3316
6-Cl-Q|boronic-acid|XPhos|LiOtBu|THF,6-Cl-Q,boronic-acid,XPhos,LiOtBu,THF,85.2125
6-Cl-Q|boronic-acid|XPhos|NaHCO3|DMF,6-Cl-Q,boronic-acid,XPhos,NaHCO3,DMF,37.015
6-Cl-Q|boronic-acid|XPhos|NaHCO3|MeCN,6-Cl-Q,boronic-acid,XPhos,NaHCO3,MeCN,83.1906
6-Cl-Q|boronic-acid|XPhos|NaHCO3|MeOH,6-Cl-Q,boronic-acid,XPhos,NaHCO3,MeOH,30.9778
6-Cl-Q|boronic-acid|XPhos|NaHCO3|THF,6-Cl-Q,boronic-acid,XPhos,NaHCO3,THF,80.7677
6-Cl-Q|boronic-acid|XPhos|NaOH|DMF,6-Cl-Q,boronic-acid,XPhos,NaOH,DMF,88.2754
6-Cl-Q|boronic-acid|XPhos|NaOH|MeCN,6-Cl-Q,boronic-acid,XPhos,NaOH,MeCN,93.6745
6-Cl-Q|boronic-acid|XPhos|NaOH|MeOH,6-Cl-Q,boronic-acid,XPhos,NaOH,MeOH,37.6451
6-Cl-Q|boronic-acid|XPhos|NaOH|THF,6-Cl-Q,boronic-acid,XPhos,NaOH,THF,88.9667
6-Cl-Q|boronic-acid|XPhos|None|DMF,6-Cl-Q,boronic-acid,XPhos,None,DMF,43.521
6-Cl-Q|boronic-acid|XPhos|None|MeCN,6-Cl-Q,boronic-acid,XPhos,None,MeCN,78.2265
6-Cl-Q|boronic-acid|XPhos|None|MeOH,6-Cl-Q,boronic-acid,XPhos,None,MeOH,37.8713
6-Cl-Q|boronic-acid|XPhos|None|THF,6-Cl-Q,boronic-acid,XPhos,None,THF,91.3485
6-Cl-Q|boronic-acid|Xantphos|CsF|DMF,6-Cl-Q,boronic-acid,Xantphos,CsF,DMF,5.1453
6-Cl-Q|boronic-acid|Xantphos|CsF|MeCN,6-Cl-Q,boronic-acid,Xantphos,CsF,MeCN,2.101
6-Cl-Q|boronic-acid|Xantphos|CsF|MeOH,6-Cl-Q,boronic-acid,Xantphos,CsF,MeOH,32.2371
6-Cl-Q|boronic-acid|Xantphos|CsF|THF,6-Cl-Q,boronic-acid,Xantphos,CsF,THF,3.682
6-Cl-Q|boronic-acid|Xantphos|Et3N|DMF,6-Cl-Q,boronic-acid,Xantphos,Et3N,DMF,0.0
6-Cl-Q|boronic-acid|Xantphos|Et3N|MeCN,6-Cl-Q,boronic-acid,Xantphos,Et3N,MeCN,2.5093
6-Cl-Q|boronic-acid|Xantphos|Et3N|MeOH,6-Cl-Q,boronic-acid,Xantphos,Et3N,MeOH,15.1812
6-Cl-Q|boronic-acid|Xantphos|Et3N|THF,6-Cl-Q,boronic-acid,Xantphos,Et3N,THF,3.6367
6-Cl-Q|boronic-acid|Xantphos|K3PO4|DMF,6-Cl-Q,boronic-acid,Xantphos,K3PO4,DMF,0.0
6-Cl-Q|boronic-acid|Xantphos|K3PO4|MeCN,6-Cl-Q,boronic-acid,Xantphos,K3PO4,MeCN,2.2687
6-Cl-Q|boronic-acid|Xantphos|K3PO4|MeOH,6-Cl-Q,boronic-acid,Xantphos,K3PO4,MeOH,14.9744
6-Cl-Q|boronic-acid|Xantphos|K3PO4|THF,6-Cl-Q,boronic-acid,Xantphos,K3PO4,THF,4.2482
6-Cl-Q|boronic-acid|Xantphos|KOH|DMF,6-Cl-Q,boronic-acid,Xantphos,KOH,DMF,4.4587
6-Cl-Q|boronic-acid|Xantphos|KOH|MeCN,6-Cl-Q,boronic-acid,Xantphos,KOH,MeCN,2.3456
6-Cl-Q|boronic-acid|Xantphos|KOH|MeOH,6-Cl-Q,boronic-acid,Xantphos,KOH,MeOH,15.6421
6-Cl-Q|boronic-acid|Xantphos|KOH|THF,6-Cl-Q,boronic-acid,Xantphos,KOH,THF,4.5426
6-Cl-Q|boronic-acid|Xantphos|LiOtBu|DMF,6-Cl-Q,boronic-acid,Xantphos,LiOtBu,DMF,0.0
6-Cl-Q|boronic-acid|Xantphos|LiOtBu|MeCN,6-Cl-Q,boronic-acid,Xantphos,LiOtBu,MeCN,2.4265
6-Cl-Q|boronic-acid|Xantphos|LiOtBu|MeOH,6-Cl-Q,boronic-acid,Xantphos,LiOtBu,MeOH,25.5475
6-Cl-Q|boronic-acid|Xantphos|LiOtBu|THF,6-Cl-Q,boronic-acid,Xantphos,LiOtBu,THF,0.0
6-Cl-Q|boronic-acid|Xantphos|NaHCO3|DMF,6-Cl-Q,boronic-acid,Xantphos,NaHCO3,DMF,0.0
6-Cl-Q|boronic-acid|Xantphos|NaHCO3|MeCN,6-Cl-Q,boronic-acid,Xantphos,NaHCO3,MeCN,1.8247
6-Cl-Q|boronic-acid|Xantphos|NaHCO3|MeOH,6-Cl-Q,boronic-acid,Xantphos,NaHCO3,MeOH,25.8984
6-Cl-Q|boronic-acid|Xantphos|NaHCO3|THF,6-Cl-Q,boronic-acid,Xantphos,NaHCO3,THF,5.1969
6-Cl-Q|boronic-acid|Xantphos|NaOH|DMF,6-Cl-Q,boronic-acid,Xantphos,NaOH,DMF,4.7965
6-Cl-Q|boronic-acid|Xantphos|NaOH|MeCN,6-Cl-Q,boronic-acid,Xantphos,NaOH,MeCN,2.1083
6-Cl-Q|boronic-acid|Xantphos|NaOH|MeOH,6-Cl-Q,boronic-acid,Xantphos,NaOH,MeOH,13.0966
6-Cl-Q|boronic-acid|Xantphos|NaOH|THF,6-Cl-Q,boronic-acid,Xantphos,NaOH,THF,6.1057
6-Cl-Q|boronic-acid|Xantphos|None|DMF,6-Cl-Q,boronic-acid,Xantphos,None,DMF,0.0
6-Cl-Q|boronic-acid|Xantphos|None|MeCN,6-Cl-Q,boronic-acid,Xantphos,None,MeCN,2.1104
6-Cl-Q|boronic-acid|Xantphos|None|MeOH,6-Cl-Q,boronic-acid,Xantphos,None,MeOH,35.3159
6-Cl-Q|boronic-acid|Xantphos|None|THF,6-Cl-Q,boronic-acid,Xantphos,None,THF,4.5727
6-Cl-Q|boronic-acid|dppf|CsF|DMF,6-Cl-Q,boronic-acid,dppf,CsF,DMF,8.6698
6-Cl-Q|boronic-acid|dppf|CsF|MeCN,6-Cl-Q,boronic-acid,dppf,CsF,MeCN,13.1959
6-Cl-Q|boronic-acid|dppf|CsF|MeOH,6-Cl-Q,boronic-acid,dppf,CsF,MeOH,20.7051
6-Cl-Q|boronic-acid|dppf|CsF|THF,6-Cl-Q,boronic-acid,dppf,CsF,THF,18.1816
6-Cl-Q|boronic-acid|dppf|Et3N|DMF,6-Cl-Q,boronic-acid,dppf,Et3N,DMF,9.6431
6-Cl-Q|boronic-acid|dppf|Et3N|MeCN,6-Cl-Q,boronic-acid,dppf,Et3N,MeCN,15.3607
6-Cl-Q|boronic-acid|dppf|Et3N|MeOH,6-Cl-Q,boronic-acid,dppf,Et3N,MeOH,37.8532
6-Cl-Q|boronic-acid|dppf|Et3N|THF,6-Cl-Q,boronic-acid,dppf,Et3N,THF,21.6492
6-Cl-Q|boronic-acid|dppf|K3PO4|DMF,6-Cl-Q,boronic-acid,dppf,K3PO4,DMF,9.0328
6-Cl-Q|boronic-acid|dppf|K3PO4|MeCN,6-Cl-Q,boronic-acid,dppf,K3PO4,MeCN,14.3933
6-Cl-Q|boronic-acid|dppf|K3PO4|MeOH,6-Cl-Q,boronic-acid,dppf,K3PO4,MeOH,15.829
6-Cl-Q|boronic-acid|dppf|K3PO4|THF,6-Cl-Q,boronic-acid,dppf,K3PO4,THF,20.1771
6-Cl-Q|boronic-acid|dppf|KOH|DMF,6-Cl-Q,boronic-acid,dppf,KOH,DMF,10.0737
6-Cl-Q|boronic-acid|dppf|KOH|MeCN,6-Cl-Q,boronic-acid,dppf,KOH,MeCN,14.2207
6-Cl-Q|boronic-acid|dppf|KOH|MeOH,6-Cl-Q,boronic-acid,dppf,KOH,MeOH,17.6788
6-Cl-Q|boronic-acid|dppf|KOH|THF,6-Cl-Q,boronic-acid,dppf,KOH,THF,26.1379
6-Cl-Q|boronic-acid|dppf|LiOtBu|DMF,6-Cl-Q,boronic-acid,dppf,LiOtBu,DMF,9.5396
6-Cl-Q|boronic-acid|dppf|LiOtBu|MeCN,6-Cl-Q,boronic-acid,dppf,LiOtBu,MeCN,15.4105
6-Cl-Q|boronic-acid|dppf|LiOtBu|MeOH,6-Cl-Q,boronic-acid,dppf,LiOtBu,MeOH,26.966
6-Cl-Q|boronic-acid|dppf|LiOtBu|THF,6-Cl-Q,boronic-acid,dppf,LiOtBu,THF,26.8268
6-Cl-Q|boronic-acid|dppf|NaHCO3|DMF,6-Cl-Q,boronic-acid,dppf,NaHCO3,DMF,16.2395
6-Cl-Q|boronic-acid|dppf|NaHCO3|MeCN,6-Cl-Q,boronic-acid,dppf,NaHCO3,MeCN,13.6804
6-Cl-Q|boronic-acid|dppf|NaHCO3|MeOH,6-Cl-Q,boronic-acid,dppf,NaHCO3,MeOH,20.1635
6-Cl-Q|boronic-acid|dppf|NaHCO3|THF,6-Cl-Q,boronic-acid,dppf,NaHCO3,THF,19.2432
6-Cl-Q|boronic-acid|dppf|NaOH|DMF,6-Cl-Q,boronic-acid,dppf,NaOH,DMF,13.8715
6-Cl-Q|boronic-acid|dppf|NaOH|MeCN,6-Cl-Q,boronic-acid,dppf,NaOH,MeCN,14.3214
6-Cl-Q|boronic-acid|dppf|NaOH|MeOH,6-Cl-Q,boronic-acid,dppf,NaOH,MeOH,14.5861
6-Cl-Q|boronic-acid|dppf|NaOH|THF,6-Cl-Q,boronic-acid,dppf,NaOH,THF,27.9255
6-Cl-Q|boronic-acid|dppf|None|DMF,6-Cl-Q,boronic-acid,dppf,None,DMF,8.8591
6-Cl-Q|boronic-acid|dppf|None|MeCN,6-Cl-Q,boronic-acid,dppf,None,MeCN,13.954
6-Cl-Q|boronic-acid|dppf|None|MeOH,6-Cl-Q,boronic-acid,dppf,None,MeOH,30.3556
6-Cl-Q|boronic-acid|dppf|None|THF,6-Cl-Q,boronic-acid,dppf,None,THF,21.8729
6-Cl-Q|boronic-acid|dtbpf|CsF|DMF,6-Cl-Q,boronic-acid,dtbpf,CsF,DMF,8.6698
6-Cl-Q|boronic-acid|dtbpf|CsF|MeCN,6-Cl-Q,boronic-acid,dtbpf,CsF,MeCN,5.8381
6-Cl-Q|boronic-acid|dtbpf|CsF|MeOH,6-Cl-Q,boronic-acid,dtbpf,CsF,MeOH,15.4552
6-Cl-Q|boronic-acid|dtbpf|CsF|THF,6-Cl-Q,boronic-acid,dtbpf,CsF,THF,9.9436
6-Cl-Q|boronic-acid|dtbpf|Et3N|DMF,6-Cl-Q,boronic-acid,dtbpf,Et3N,DMF,10.1667
6-Cl-Q|boronic-acid|dtbpf|Et3N|MeCN,6-Cl-Q,boronic-acid,dtbpf,Et3N,MeCN,6.9962
6-Cl-Q|boronic-acid|dtbpf|Et3N|MeOH,6-Cl-Q,boronic-acid,dtbpf,Et3N,MeOH,16.2452
6-Cl-Q|boronic-acid|dtbpf|Et3N|THF,6-Cl-Q,boronic-acid,dtbpf,Et3N,THF,13.5555
6-Cl-Q|boronic-acid|dtbpf|K3PO4|DMF,6-Cl-Q,boronic-acid,dtbpf,K3PO4,DMF,7.5788
6-Cl-Q|boronic-acid|dtbpf|K3PO4|MeCN,6-Cl-Q,boronic-acid,dtbpf,K3PO4,MeCN,5.805
6-Cl-Q|boronic-acid|dtbpf|K3PO4|MeOH,6-Cl-Q,boronic-acid,dtbpf,K3PO4,MeOH,17.2842
6-Cl-Q|boronic-acid|dtbpf|K3PO4|THF,6-Cl-Q,boronic-acid,dtbpf,K3PO4,THF,9.3691
6-Cl-Q|boronic-acid|dtbpf|KOH|DMF,6-Cl-Q,boronic-acid,dtbpf,KOH,DMF,8.8307
6-Cl-Q|boronic-acid|dtbpf|KOH|MeCN,6-Cl-Q,boronic-acid,dtbpf,KOH,MeCN,8.9398
6-Cl-Q|boronic-acid|dtbpf|KOH|MeOH,6-Cl-Q,boronic-acid,dtbpf,KOH,MeOH,16.0318
6-Cl-Q|boronic-acid|dtbpf|KOH|THF,6-Cl-Q,boronic-acid,dtbpf,KOH,THF,12.3022
6-Cl-Q|boronic-acid|dtbpf|LiOtBu|DMF,6-Cl-Q,boronic-acid,dtbpf,LiOtBu,DMF,10.0124
6-Cl-Q|boronic-acid|dtbpf|LiOtBu|MeCN,6-Cl-Q,boronic-acid,dtbpf,LiOtBu,MeCN,9.7811
6-Cl-Q|boronic-acid|dtbpf|LiOtBu|MeOH,6-Cl-Q,boronic-acid,dtbpf,LiOtBu,MeOH,21.5478
6-Cl-Q|boronic-acid|dtbpf|LiOtBu|THF,6-Cl-Q,boronic-acid,dtbpf,LiOtBu,THF,13.9143
6-Cl-Q|boronic-acid|dtbpf|NaHCO3|DMF,6-Cl-Q,boronic-acid,dtbpf,NaHCO3,DMF,6.8142
6-Cl-Q|boronic-acid|dtbpf|NaHCO3|MeCN,6-Cl-Q,boronic-acid,dtbpf,NaHCO3,MeCN,5.1026
6-Cl-Q|boronic-acid|dtbpf|NaHCO3|MeOH,6-Cl-Q,boronic-acid,dtbpf,NaHCO3,MeOH,27.5596
6-Cl-Q|boronic-acid|dtbpf|NaHCO3|THF,6-Cl-Q,boronic-acid,dtbpf,NaHCO3,THF,9.5994
6-Cl-Q|boronic-acid|dtbpf|NaOH|DMF,6-Cl-Q,boronic-acid,dtbpf,NaOH,DMF,10.0341
6-Cl-Q|boronic-acid|dtbpf|NaOH|MeCN,6-Cl-Q,boronic-acid,dtbpf,NaOH,MeCN,7.5461
6-Cl-Q|boronic-acid|dtbpf|NaOH|MeOH,6-Cl-Q,boronic-acid,dtbpf,NaOH,MeOH,17.5682
6-Cl-Q|boronic-acid|dtbpf|NaOH|THF,6-Cl-Q,boronic-acid,dtbpf,NaOH,THF,12.7035
6-Cl-Q|boronic-acid|dtbpf|None|DMF,6-Cl-Q,boronic-acid,dtbpf,None,DMF,11.1451
6-Cl-Q|boronic-acid|dtbpf|None|MeCN,6-Cl-Q,boronic-acid,dtbpf,None,MeCN,6.4213
6-Cl-Q|boronic-acid|dtbpf|None|MeOH,6-Cl-Q,boronic-acid,dtbpf,None,MeOH,18.2506
6-Cl-Q|boronic-acid|dtbpf|None|THF,6-Cl-Q,boronic-acid,dtbpf,None,THF,10.9695
6-Cl-Q|boronic-ester|AmPhos|CsF|DMF,6-Cl-Q,boronic-ester,AmPhos,CsF,DMF,9.2518
6-Cl-Q|boronic-ester|AmPhos|CsF|MeCN,6-Cl-Q,boronic-ester,AmPhos,CsF,MeCN,7.6636
6-Cl-Q|boronic-ester|AmPhos|CsF|MeOH,6-Cl-Q,boronic-ester,AmPhos,CsF,MeOH,9.8043
6-Cl-Q|boronic-ester|AmPhos|CsF|THF,6-Cl-Q,boronic-ester,AmPhos,CsF,THF,25.8106
6-Cl-Q|boronic-ester|AmPhos|Et3N|DMF,6-Cl-Q,boronic-ester,AmPhos,Et3N,DMF,9.8018
6-Cl-Q|boronic-ester|AmPhos|Et3N|MeCN,6-Cl-Q,boronic-ester,AmPhos,Et3N,MeCN,10.1281
6-Cl-Q|boronic-ester|AmPhos|Et3N|MeOH,6-Cl-Q,boronic-ester,AmPhos,Et3N,MeOH,10.8727
6-Cl-Q|boronic-ester|AmPhos|Et3N|THF,6-Cl-Q,boronic-ester,AmPhos,Et3N,THF,11.4718
6-Cl-Q|boronic-ester|AmPhos|K3PO4|DMF,6-Cl-Q,boronic-ester,AmPhos,K3PO4,DMF,9.3175
6-Cl-Q|boronic-ester|AmPhos|K3PO4|MeCN,6-Cl-Q,boronic-ester,AmPhos,K3PO4,MeCN,9.6793
6-Cl-Q|boronic-ester|AmPhos|K3PO4|MeOH,6-Cl-Q,boronic-ester,AmPhos,K3PO4,MeOH,10.0937
6-Cl-Q|boronic-ester|AmPhos|K3PO4|THF,6-Cl-Q,boronic-ester,AmPhos,K3PO4,THF,23.8159
6-Cl-Q|boronic-ester|AmPhos|KOH|DMF,6-Cl-Q,boronic-ester,AmPhos,KOH,DMF,10.7672
6-Cl-Q|boronic-ester|AmPhos|KOH|MeCN,6-Cl-Q,boronic-ester,AmPhos,KOH,MeCN,8.0916
6-Cl-Q|boronic-ester|AmPhos|KOH|MeOH,6-Cl-Q,boronic-ester,AmPhos,KOH,MeOH,11.1999
6-Cl-Q|boronic-ester|AmPhos|KOH|THF,6-Cl-Q,boronic-ester,AmPhos,KOH,THF,25.2179
6-Cl-Q|boronic-ester|AmPhos|LiOtBu|DMF,6-Cl-Q,boronic-ester,AmPhos,LiOtBu,DMF,10.9787
6-Cl-Q|boronic-ester|AmPhos|LiOtBu|MeCN,6-Cl-Q,boronic-ester,AmPhos,LiOtBu,MeCN,8.6997
6-Cl-Q|boronic-ester|AmPhos|LiOtBu|MeOH,6-Cl-Q,boronic-ester,AmPhos,LiOtBu,MeOH,12.794
6-Cl-Q|boronic-ester|AmPhos|LiOtBu|THF,6-Cl-Q,boronic-ester,AmPhos,LiOtBu,THF,15.1192
6-Cl-Q|boronic-ester|AmPhos|NaHCO3|DMF,6-Cl-Q,boronic-ester,AmPhos,NaHCO3,DMF,8.5284
6-Cl-Q|boronic-ester|AmPhos|NaHCO3|MeCN,6-Cl-Q,boronic-ester,AmPhos,NaHCO3,MeCN,11.2241
6-Cl-Q|boronic-ester|AmPhos|NaHCO3|MeOH,6-Cl-Q,boronic-ester,AmPhos,NaHCO3,MeOH,12.205
6-Cl-Q|boronic-ester|AmPhos|NaHCO3|THF,6-Cl-Q,boronic-ester,AmPhos,NaHCO3,THF,30.8868
6-Cl-Q|boronic-ester|AmPhos|NaOH|DMF,6-Cl-Q,boronic-ester,AmPhos,NaOH,DMF,11.9301
6-Cl-Q|boronic-ester|AmPhos|NaOH|MeCN,6-Cl-Q,boronic-ester,AmPhos,NaOH,MeCN,4.0166
6-Cl-Q|boronic-ester|AmPhos|NaOH|MeOH,6-Cl-Q,boronic-ester,AmPhos,NaOH,MeOH,8.8198
6-Cl-Q|boronic-ester|AmPhos|NaOH|THF,6-Cl-Q,boronic-ester,AmPhos,NaOH,THF,16.9436
6-Cl-Q|boronic-ester|AmPhos|None|DMF,6-Cl-Q,boronic-ester,AmPhos,None,DMF,8.9433
6-Cl-Q|boronic-ester|AmPhos|None|MeCN,6-Cl-Q,boronic-ester,AmPhos,None,MeCN,8.8758
6-Cl-Q|boronic-ester|AmPhos|None|MeOH,6-Cl-Q,boronic-ester,AmPhos,None,MeOH,7.1957
6-Cl-Q|boronic-ester|AmPhos|None|THF,6-Cl-Q,boronic-ester,AmPhos,None,THF,31.0518
6-Cl-Q|boronic-ester|CataCXium A|CsF|DMF,6-Cl-Q,boronic-ester,CataCXium A,CsF,DMF,21.0209
6-Cl-Q|boronic-ester|CataCXium A|CsF|MeCN,6-Cl-Q,boronic-ester,CataCXium A,CsF,MeCN,15.1621
6-Cl-Q|boronic-ester|CataCXium A|CsF|MeOH,6-Cl-Q,boronic-ester,CataCXium A,CsF,MeOH,21.7652
6-Cl-Q|boronic-ester|CataCXium A|CsF|THF,6-Cl-Q,boronic-ester,CataCXium A,CsF,THF,48.3271
6-Cl-Q|boronic-ester|CataCXium A|Et3N|DMF,6-Cl-Q,boronic-ester,CataCXium A,Et3N,DMF,16.1205
6-Cl-Q|boronic-ester|CataCXium A|Et3N|MeCN,6-Cl-Q,boronic-ester,CataCXium A,Et3N,MeCN,14.4378
6-Cl-Q|boronic-ester|CataCXium A|Et3N|MeOH,6-Cl-Q,boronic-ester,CataCXium A,Et3N,MeOH,23.4421
6-Cl-Q|boronic-ester|CataCXium A|Et3N|THF,6-Cl-Q,boronic-ester,CataCXium A,Et3N,THF,33.6974
6-Cl-Q|boronic-ester|CataCXium A|K3PO4|DMF,6-Cl-Q,boronic-ester,CataCXium A,K3PO4,DMF,20.5848
6-Cl-Q|boronic-ester|CataCXium A|K3PO4|MeCN,6-Cl-Q,boronic-ester,CataCXium A,K3PO4,MeCN,15.467
6-Cl-Q|boronic-ester|CataCXium A|K3PO4|MeOH,6-Cl-Q,boronic-ester,CataCXium A,K3PO4,MeOH,15.4225
6-Cl-Q|boronic-ester|CataCXium A|K3PO4|THF,6-Cl-Q,boronic-ester,CataCXium A,K3PO4,THF,46.6536
6-Cl-Q|boronic-ester|CataCXium A|KOH|DMF,6-Cl-Q,boronic-ester,CataCXium A,KOH,DMF,18.4708
6-Cl-Q|boronic-ester|CataCXium A|KOH|MeCN,6-Cl-Q,boronic-ester,CataCXium A,KOH,MeCN,12.642
6-Cl-Q|boronic-ester|CataCXium A|KOH|MeOH,6-Cl-Q,boronic-ester,CataCXium A,KOH,MeOH,13.2934
6-Cl-Q|boronic-ester|CataCXium A|KOH|THF,6-Cl-Q,boronic-ester,CataCXium A,KOH,THF,33.6117
6-Cl-Q|boronic-ester|CataCXium A|LiOtBu|DMF,6-Cl-Q,boronic-ester,CataCXium A,LiOtBu,DMF,17.2562
6-Cl-Q|boronic-ester|CataCXium A|LiOtBu|MeCN,6-Cl-Q,boronic-ester,CataCXium A,LiOtBu,MeCN,14.5073
6-Cl-Q|boronic-ester|CataCXium A|LiOtBu|MeOH,6-Cl-Q,boronic-ester,CataCXium A,LiOtBu,MeOH,21.1762
6-Cl-Q|boronic-ester|CataCXium A|LiOtBu|THF,6-Cl-Q,boronic-ester,CataCXium A,LiOtBu,THF,30.618
6-Cl-Q|boronic-ester|CataCXium A|NaHCO3|DMF,6-Cl-Q,boronic-ester,CataCXium A,NaHCO3,DMF,21.7912
6-Cl-Q|boronic-ester|CataCXium A|NaHCO3|MeCN,6-Cl-Q,boronic-ester,CataCXium A,NaHCO3,MeCN,12.9335
6-Cl-Q|boronic-ester|CataCXium A|NaHCO3|MeOH,6-Cl-Q,boronic-ester,CataCXium A,NaHCO3,MeOH,16.2716
6-Cl-Q|boronic-ester|CataCXium A|NaHCO3|THF,6-Cl-Q,boronic-ester,CataCXium A,NaHCO3,THF,67.7962
6-Cl-Q|boronic-ester|CataCXium A|NaOH|DMF,6-Cl-Q,boronic-ester,CataCXium A,NaOH,DMF,12.2949
6-Cl-Q|boronic-ester|CataCXium A|NaOH|MeCN,6-Cl-Q,boronic-ester,CataCXium A,NaOH,MeCN,15.9727
6-Cl-Q|boronic-ester|CataCXium A|NaOH|MeOH,6-Cl-Q,boronic-ester,CataCXium A,NaOH,MeOH,42.9834
6-Cl-Q|boronic-ester|CataCXium A|NaOH|THF,6-Cl-Q,boronic-ester,CataCXium A,NaOH,THF,49.9089
6-Cl-Q|boronic-ester|CataCXium A|None|DMF,6-Cl-Q,boronic-ester,CataCXium A,None,DMF,19.5335
6-Cl-Q|boronic-ester|CataCXium A|None|MeCN,6-Cl-Q,boronic-ester,CataCXium A,None,MeCN,18.0563
6-Cl-Q|boronic-ester|CataCXium A|None|MeOH,6-Cl-Q,boronic-ester,CataCXium A,None,MeOH,19.7559
6-Cl-Q|boronic-ester|CataCXium A|None|THF,6-Cl-Q,boronic-ester,CataCXium A,None,THF,77.0574
6-Cl-Q|boronic-ester|None|CsF|DMF,6-Cl-Q,boronic-ester,None,CsF,DMF,12.7574
6-Cl-Q|boronic-ester|None|CsF|MeCN,6-Cl-Q,boronic-ester,None,CsF,MeCN,14.565
6-Cl-Q|boronic-ester|None|CsF|MeOH,6-Cl-Q,boronic-ester,None,CsF,MeOH,12.0843
6-Cl-Q|boronic-ester|None|CsF|THF,6-Cl-Q,boronic-ester,None,CsF,THF,16.8417
6-Cl-Q|boronic-ester|None|Et3N|DMF,6-Cl-Q,boronic-ester,None,Et3N,DMF,12.9098
6-Cl-Q|boronic-ester|None|Et3N|MeCN,6-Cl-Q,boronic-ester,None,Et3N,MeCN,15.1964
6-Cl-Q|boronic-ester|None|Et3N|MeOH,6-Cl-Q,boronic-ester,None,Et3N,MeOH,14.2109
6-Cl-Q|boronic-ester|None|Et3N|THF,6-Cl-Q,boronic-ester,None,Et3N,THF,18.4463
6-Cl-Q|boronic-ester|None|K3PO4|DMF,6-Cl-Q,boronic-ester,None,K3PO4,DMF,0.0
6-Cl-Q|boronic-ester|None|K3PO4|MeCN,6-Cl-Q,boronic-ester,None,K3PO4,MeCN,16.5873
6-Cl-Q|boronic-ester|None|K3PO4|MeOH,6-Cl-Q,boronic-ester,None,K3PO4,MeOH,14.4107
6-Cl-Q|boronic-ester|None|K3PO4|THF,6-Cl-Q,boronic-ester,None,K3PO4,THF,15.1606
6-Cl-Q|boronic-ester|None|KOH|DMF,6-Cl-Q,boronic-ester,None,KOH,DMF,16.584
6-Cl-Q|boronic-ester|None|KOH|MeCN,6-Cl-Q,boronic-ester,None,KOH,MeCN,14.422
6-Cl-Q|boronic-ester|None|KOH|MeOH,6-Cl-Q,boronic-ester,None,KOH,MeOH,16.287
6-Cl-Q|boronic-ester|None|KOH|THF,6-Cl-Q,boronic-ester,None,KOH,THF,20.7478
6-Cl-Q|boronic-ester|None|LiOtBu|DMF,6-Cl-Q,boronic-ester,None,LiOtBu,DMF,12.2051
6-Cl-Q|boronic-ester|None|LiOtBu|MeCN,6-Cl-Q,boronic-ester,None,LiOtBu,MeCN,11.4981
6-Cl-Q|boronic-ester|None|LiOtBu|MeOH,6-Cl-Q,boronic-ester,None,LiOtBu,MeOH,16.4839
6-Cl-Q|boronic-ester|None|LiOtBu|THF,6-Cl-Q,boronic-ester,None,LiOtBu,THF,23.3342
6-Cl-Q|boronic-ester|None|NaHCO3|DMF,6-Cl-Q,boronic-ester,None,NaHCO3,DMF,13.339
6-Cl-Q|boronic-ester|None|NaHCO3|MeCN,6-Cl-Q,boronic-ester,None,NaHCO3,MeCN,15.0811
6-Cl-Q|boronic-ester|None|NaHCO3|MeOH,6-Cl-Q,boronic-ester,None,NaHCO3,MeOH,15.7475
6-Cl-Q|boronic-ester|None|NaHCO3|THF,6-Cl-Q,boronic-ester,None,NaHCO3,THF,14.7624
6-Cl-Q|boronic-ester|None|NaOH|DMF,6-Cl-Q,boronic-ester,None,NaOH,DMF,17.1882
6-Cl-Q|boronic-ester|None|NaOH|MeCN,6-Cl-Q,boronic-ester,None,NaOH,MeCN,17.2875
6-Cl-Q|boronic-ester|None|NaOH|MeOH,6-Cl-Q,boronic-ester,None,NaOH,MeOH,17.7386
6-Cl-Q|boronic-ester|None|NaOH|THF,6-Cl-Q,boronic-ester,None,NaOH,THF,17.0428
6-Cl-Q|boronic-ester|None|None|DMF,6-Cl-Q,boronic-ester,None,None,DMF,13.9692
6-Cl-Q|boronic-ester|None|None|MeCN,6-Cl-Q,boronic-ester,None,None,MeCN,14.5233
6-Cl-Q|boronic-ester|None|None|MeOH,6-Cl-Q,boronic-ester,None,None,MeOH,15.5312
6-Cl-Q|boronic-ester|None|None|THF,6-Cl-Q,boronic-ester,None,None,THF,21.2057
6-Cl-Q|boronic-ester|P(Cy)3|CsF|DMF,6-Cl-Q,boronic-ester,P(Cy)3,CsF,DMF,31.1838
6-Cl-Q|boronic-ester|P(Cy)3|CsF|MeCN,6-Cl-Q,boronic-ester,P(Cy)3,CsF,MeCN,13.9159
6-Cl-Q|boronic-ester|P(Cy)3|CsF|MeOH,6-Cl-Q,boronic-ester,P(Cy)3,CsF,MeOH,18.067
6-Cl-Q|boronic-ester|P(Cy)3|CsF|THF,6-Cl-Q,boronic-ester,P(Cy)3,CsF,THF,43.7752
6-Cl-Q|boronic-ester|P(Cy)3|Et3N|DMF,6-Cl-Q,boronic-ester,P(Cy)3,Et3N,DMF,13.1332
6-Cl-Q|boronic-ester|P(Cy)3|Et3N|MeCN,6-Cl-Q,boronic-ester,P(Cy)3,Et3N,MeCN,11.6013
6-Cl-Q|boronic-ester|P(Cy)3|Et3N|MeOH,6-Cl-Q,boronic-ester,P(Cy)3,Et3N,MeOH,22.1992
6-Cl-Q|boronic-ester|P(Cy)3|Et3N|THF,6-Cl-Q,boronic-ester,P(Cy)3,Et3N,THF,15.7452
6-Cl-Q|boronic-ester|P(Cy)3|K3PO4|DMF,6-Cl-Q,boronic-ester,P(Cy)3,K3PO4,DMF,26.2539
6-Cl-Q|boronic-ester|P(Cy)3|K3PO4|MeCN,6-Cl-Q,boronic-ester,P(Cy)3,K3PO4,MeCN,12.5453
6-Cl-Q|boronic-ester|P(Cy)3|K3PO4|MeOH,6-Cl-Q,boronic-ester,P(Cy)3,K3PO4,MeOH,19.3496
6-Cl-Q|boronic-ester|P(Cy)3|K3PO4|THF,6-Cl-Q,boronic-ester,P(Cy)3,K3PO4,THF,37.1569
6-Cl-Q|boronic-ester|P(Cy)3|KOH|DMF,6-Cl-Q,boronic-ester,P(Cy)3,KOH,DMF,14.0852
6-Cl-Q|boronic-ester|P(Cy)3|KOH|MeCN,6-Cl-Q,boronic-ester,P(Cy)3,KOH,MeCN,12.1052
6-Cl-Q|boronic-ester|P(Cy)3|KOH|MeOH,6-Cl-Q,boronic-ester,P(Cy)3,KOH,MeOH,21.417
6-Cl-Q|boronic-ester|P(Cy)3|KOH|THF,6-Cl-Q,boronic-ester,P(Cy)3,KOH,THF,46.2136
6-Cl-Q|boronic-ester|P(Cy)3|LiOtBu|DMF,6-Cl-Q,boronic-ester,P(Cy)3,LiOtBu,DMF,13.0956
6-Cl-Q|boronic-ester|P(Cy)3|LiOtBu|MeCN,6-Cl-Q,boronic-ester,P(Cy)3,LiOtBu,MeCN,12.0026
6-Cl-Q|boronic-ester|P(Cy)3|LiOtBu|MeOH,6-Cl-Q,boronic-ester,P(Cy)3,LiOtBu,MeOH,23.4475
6-Cl-Q|boronic-ester|P(Cy)3|LiOtBu|THF,6-Cl-Q,boronic-ester,P(Cy)3,LiOtBu,THF,18.5113
6-Cl-Q|boronic-ester|P(Cy)3|NaHCO3|DMF,6-Cl-Q,boronic-ester,P(Cy)3,NaHCO3,DMF,32.4954
6-Cl-Q|boronic-ester|P(Cy)3|NaHCO3|MeCN,6-Cl-Q,boronic-ester,P(Cy)3,NaHCO3,MeCN,12.7953
6-Cl-Q|boronic-ester|P(Cy)3|NaHCO3|MeOH,6-Cl-Q,boronic-ester,P(Cy)3,NaHCO3,MeOH,30.4881
6-Cl-Q|boronic-ester|P(Cy)3|NaHCO3|THF,6-Cl-Q,boronic-ester,P(Cy)3,NaHCO3,THF,48.7538
6-Cl-Q|boronic-ester|P(Cy)3|NaOH|DMF,6-Cl-Q,boronic-ester,P(Cy)3,NaOH,DMF,13.9179
6-Cl-Q|boronic-ester|P(Cy)3|NaOH|MeCN,6-Cl-Q,boronic-ester,P(Cy)3,NaOH,MeCN,16.4747
6-Cl-Q|boronic-ester|P(Cy)3|NaOH|MeOH,6-Cl-Q,boronic-ester,P(Cy)3,NaOH,MeOH,21.0691
6-Cl-Q|boronic-ester|P(Cy)3|NaOH|THF,6-Cl-Q,boronic-ester,P(Cy)3,NaOH,THF,31.8588
6-Cl-Q|boronic-ester|P(Cy)3|None|DMF,6-Cl-Q,boronic-ester,P(Cy)3,None,DMF,15.1547
6-Cl-Q|boronic-ester|P(Cy)3|None|MeCN,6-Cl-Q,boronic-ester,P(Cy)3,None,MeCN,12.4415
6-Cl-Q|boronic-ester|P(Cy)3|None|MeOH,6-Cl-Q,boronic-ester,P(Cy)3,None,MeOH,15.0517
6-Cl-Q|boronic-ester|P(Cy)3|None|THF,6-Cl-Q,boronic-ester,P(Cy)3,None,THF,51.2343
6-Cl-Q|boronic-ester|P(Ph)3|CsF|DMF,6-Cl-Q,boronic-ester,P(Ph)3,CsF,DMF,16.3174
6-Cl-Q|boronic-ester|P(Ph)3|CsF|MeCN,6-Cl-Q,boronic-ester,P(Ph)3,CsF,MeCN,13.886
6-Cl-Q|boronic-ester|P(Ph)3|CsF|MeOH,6-Cl-Q,boronic-ester,P(Ph)3,CsF,MeOH,11.6773
6-Cl-Q|boronic-ester|P(Ph)3|CsF|THF,6-Cl-Q,boronic-ester,P(Ph)3,CsF,THF,15.5459
6-Cl-Q|boronic-ester|P(Ph)3|Et3N|DMF,6-Cl-Q,boronic-ester,P(Ph)3,Et3N,DMF,15.6967
6-Cl-Q|boronic-ester|P(Ph)3|Et3N|MeCN,6-Cl-Q,boronic-ester,P(Ph)3,Et3N,MeCN,14.6143
6-Cl-Q|boronic-ester|P(Ph)3|Et3N|MeOH,6-Cl-Q,boronic-ester,P(Ph)3,Et3N,MeOH,11.9134
6-Cl-Q|boronic-ester|P(Ph)3|Et3N|THF,6-Cl-Q,boronic-ester,P(Ph)3,Et3N,THF,18.1101
6-Cl-Q|boronic-ester|P(Ph)3|K3PO4|DMF,6-Cl-Q,boronic-ester,P(Ph)3,K3PO4,DMF,15.2933
6-Cl-Q|boronic-ester|P(Ph)3|K3PO4|MeCN,6-Cl-Q,boronic-ester,P(Ph)3,K3PO4,MeCN,14.0168
6-Cl-Q|boronic-ester|P(Ph)3|K3PO4|MeOH,6-Cl-Q,boronic-ester,P(Ph)3,K3PO4,MeOH,12.0431
6-Cl-Q|boronic-ester|P(Ph)3|K3PO4|THF,6-Cl-Q,boronic-ester,P(Ph)3,K3PO4,THF,16.4097
6-Cl-Q|boronic-ester|P(Ph)3|KOH|DMF,6-Cl-Q,boronic-ester,P(Ph)3,KOH,DMF,16.1887
6-Cl-Q|boronic-ester|P(Ph)3|KOH|MeCN,6-Cl-Q,boronic-ester,P(Ph)3,KOH,MeCN,13.8879
6-Cl-Q|boronic-ester|P(Ph)3|KOH|MeOH,6-Cl-Q,boronic-ester,P(Ph)3,KOH,MeOH,11.8123
6-Cl-Q|boronic-ester|P(Ph)3|KOH|THF,6-Cl-Q,boronic-ester,P(Ph)3,KOH,THF,17.7825
6-Cl-Q|boronic-ester|P(Ph)3|LiOtBu|DMF,6-Cl-Q,boronic-ester,P(Ph)3,LiOtBu,DMF,14.9597
6-Cl-Q|boronic-ester|P(Ph)3|LiOtBu|MeCN,6-Cl-Q,boronic-ester,P(Ph)3,LiOtBu,MeCN,14.6313
6-Cl-Q|boronic-ester|P(Ph)3|LiOtBu|MeOH,6-Cl-Q,boronic-ester,P(Ph)3,LiOtBu,MeOH,9.206
6-Cl-Q|boronic-ester|P(Ph)3|LiOtBu|THF,6-Cl-Q,boronic-ester,P(Ph)3,LiOtBu,THF,18.2892
6-Cl-Q|boronic-ester|P(Ph)3|NaHCO3|DMF,6-Cl-Q,boronic-ester,P(Ph)3,NaHCO3,DMF,17.025
6-Cl-Q|boronic-ester|P(Ph)3|NaHCO3|MeCN,6-Cl-Q,boronic-ester,P(Ph)3,NaHCO3,MeCN,14.7392
6-Cl-Q|boronic-ester|P(Ph)3|NaHCO3|MeOH,6-Cl-Q,boronic-ester,P(Ph)3,NaHCO3,MeOH,11.9074
6-Cl-Q|boronic-ester|P(Ph)3|NaHCO3|THF,6-Cl-Q,boronic-ester,P(Ph)3,NaHCO3,THF,15.6289
6-Cl-Q|boronic-ester|P(Ph)3|NaOH|DMF,6-Cl-Q,boronic-ester,P(Ph)3,NaOH,DMF,13.3206
6-Cl-Q|boronic-ester|P(Ph)3|NaOH|MeCN,6-Cl-Q,boronic-ester,P(Ph)3,NaOH,MeCN,18.9358
6-Cl-Q|boronic-ester|P(Ph)3|NaOH|MeOH,6-Cl-Q,boronic-ester,P(Ph)3,NaOH,MeOH,12.8456
6-Cl-Q|boronic-ester|P(Ph)3|NaOH|THF,6-Cl-Q,boronic-ester,P(Ph)3,NaOH,THF,16.7943
6-Cl-Q|boronic-ester|P(Ph)3|None|DMF,6-Cl-Q,boronic-ester,P(Ph)3,None,DMF,15.9272
6-Cl-Q|boronic-ester|P(Ph)3|None|MeCN,6-Cl-Q,boronic-ester,P(Ph)3,None,MeCN,14.3
6-Cl-Q|boronic-ester|P(Ph)3|None|MeOH,6-Cl-Q,boronic-ester,P(Ph)3,None,MeOH,11.6078
6-Cl-Q|boronic-ester|P(Ph)3|None|THF,6-Cl-Q,boronic-ester,P(Ph)3,None,THF,17.4878
6-Cl-Q|boronic-ester|P(o-Tol)3|CsF|DMF,6-Cl-Q,boronic-ester,P(o-Tol)3,CsF,DMF,5.9645
6-Cl-Q|boronic-ester|P(o-Tol)3|CsF|MeCN,6-Cl-Q,boronic-ester,P(o-Tol)3,CsF,MeCN,7.7952
6-Cl-Q|boronic-ester|P(o-Tol)3|CsF|MeOH,6-Cl-Q,boronic-ester,P(o-Tol)3,CsF,MeOH,8.1493
6-Cl-Q|boronic-ester|P(o-Tol)3|CsF|THF,6-Cl-Q,boronic-ester,P(o-Tol)3,CsF,THF,5.5635
6-Cl-Q|boronic-ester|P(o-Tol)3|Et3N|DMF,6-Cl-Q,boronic-ester,P(o-Tol)3,Et3N,DMF,8.1852
6-Cl-Q|boronic-ester|P(o-Tol)3|Et3N|MeCN,6-Cl-Q,boronic-ester,P(o-Tol)3,Et3N,MeCN,5.9293
6-Cl-Q|boronic-ester|P(o-Tol)3|Et3N|MeOH,6-Cl-Q,boronic-ester,P(o-Tol)3,Et3N,MeOH,6.6961
6-Cl-Q|boronic-ester|P(o-Tol)3|Et3N|THF,6-Cl-Q,boronic-ester,P(o-Tol)3,Et3N,THF,7.2973
6-Cl-Q|boronic-ester|P(o-Tol)3|K3PO4|DMF,6-Cl-Q,boronic-ester,P(o-Tol)3,K3PO4,DMF,7.2425
6-Cl-Q|boronic-ester|P(o-Tol)3|K3PO4|MeCN,6-Cl-Q,boronic-ester,P(o-Tol)3,K3PO4,MeCN,5.7869
6-Cl-Q|boronic-ester|P(o-Tol)3|K3PO4|MeOH,6-Cl-Q,boronic-ester,P(o-Tol)3,K3PO4,MeOH,5.8743
6-Cl-Q|boronic-ester|P(o-Tol)3|K3PO4|THF,6-Cl-Q,boronic-ester,P(o-Tol)3,K3PO4,THF,6.4476
6-Cl-Q|boronic-ester|P(o-Tol)3|KOH|DMF,6-Cl-Q,boronic-ester,P(o-Tol)3,KOH,DMF,7.5836
6-Cl-Q|boronic-ester|P(o-Tol)3|KOH|MeCN,6-Cl-Q,boronic-ester,P(o-Tol)3,KOH,MeCN,6.6015
6-Cl-Q|boronic-ester|P(o-Tol)3|KOH|MeOH,6-Cl-Q,boronic-ester,P(o-Tol)3,KOH,MeOH,6.2751
6-Cl-Q|boronic-ester|P(o-Tol)3|KOH|THF,6-Cl-Q,boronic-ester,P(o-Tol)3,KOH,THF,7.6224
6-Cl-Q|boronic-ester|P(o-Tol)3|LiOtBu|DMF,6-Cl-Q,boronic-ester,P(o-Tol)3,LiOtBu,DMF,8.0413
6-Cl-Q|boronic-ester|P(o-Tol)3|LiOtBu|MeCN,6-Cl-Q,boronic-ester,P(o-Tol)3,LiOtBu,MeCN,7.0758
6-Cl-Q|boronic-ester|P(o-Tol)3|LiOtBu|MeOH,6-Cl-Q,boronic-ester,P(o-Tol)3,LiOtBu,MeOH,8.0672
6-Cl-Q|boronic-ester|P(o-Tol)3|LiOtBu|THF,6-Cl-Q,boronic-ester,P(o-Tol)3,LiOtBu,THF,9.0667
6-Cl-Q|boronic-ester|P(o-Tol)3|NaHCO3|DMF,6-Cl-Q,boronic-ester,P(o-Tol)3,NaHCO3,DMF,6.2517
6-Cl-Q|boronic-ester|P(o-Tol)3|NaHCO3|MeCN,6-Cl-Q,boronic-ester,P(o-Tol)3,NaHCO3,MeCN,6.6064
6-Cl-Q|boronic-ester|P(o-Tol)3|NaHCO3|MeOH,6-Cl-Q,boronic-ester,P(o-Tol)3,NaHCO3,MeOH,7.673
6-Cl-Q|boronic-ester|P(o-Tol)3|NaHCO3|THF,6-Cl-Q,boronic-ester,P(o-Tol)3,NaHCO3,THF,7.8187
6-Cl-Q|boronic-ester|P(o-Tol)3|NaOH|DMF,6-Cl-Q,boronic-ester,P(o-Tol)3,NaOH,DMF,7.6771
6-Cl-Q|boronic-ester|P(o-Tol)3|NaOH|MeCN,6-Cl-Q,boronic-ester,P(o-Tol)3,NaOH,MeCN,2.615
6-Cl-Q|boronic-ester|P(o-Tol)3|NaOH|MeOH,6-Cl-Q,boronic-ester,P(o-Tol)3,NaOH,MeOH,7.4503
6-Cl-Q|boronic-ester|P(o-Tol)3|NaOH|THF,6-Cl-Q,boronic-ester,P(o-Tol)3,NaOH,THF,10.9211
6-Cl-Q|boronic-ester|P(o-Tol)3|None|DMF,6-Cl-Q,boronic-ester,P(o-Tol)3,None,DMF,10.9183
6-Cl-Q|boronic-ester|P(o-Tol)3|None|MeCN,6-Cl-Q,boronic-ester,P(o-Tol)3,None,MeCN,7.4143
6-Cl-Q|boronic-ester|P(o-Tol)3|None|MeOH,6-Cl-Q,boronic-ester,P(o-Tol)3,None,MeOH,7.8619
6-Cl-Q|boronic-ester|P(o-Tol)3|None|THF,6-Cl-Q,boronic-ester,P(o-Tol)3,None,THF,6.8429
6-Cl-Q|boronic-ester|P(tBu)3|CsF|DMF,6-Cl-Q,boronic-ester,P(tBu)3,CsF,DMF,4.2976
6-Cl-Q|boronic-ester|P(tBu)3|CsF|MeCN,6-Cl-Q,boronic-ester,P(tBu)3,CsF,MeCN,9.985
6-Cl-Q|boronic-ester|P(tBu)3|CsF|MeOH,6-Cl-Q,boronic-ester,P(tBu)3,CsF,MeOH,23.394
6-Cl-Q|boronic-ester|P(tBu)3|CsF|THF,6-Cl-Q,boronic-ester,P(tBu)3,CsF,THF,21.1855
6-Cl-Q|boronic-ester|P(tBu)3|Et3N|DMF,6-Cl-Q,boronic-ester,P(tBu)3,Et3N,DMF,5.8401
6-Cl-Q|boronic-ester|P(tBu)3|Et3N|MeCN,6-Cl-Q,boronic-ester,P(tBu)3,Et3N,MeCN,9.2756
6-Cl-Q|boronic-ester|P(tBu)3|Et3N|MeOH,6-Cl-Q,boronic-ester,P(tBu)3,Et3N,MeOH,15.0549
6-Cl-Q|boronic-ester|P(tBu)3|Et3N|THF,6-Cl-Q,boronic-ester,P(tBu)3,Et3N,THF,58.5731
6-Cl-Q|boronic-ester|P(tBu)3|K3PO4|DMF,6-Cl-Q,boronic-ester,P(tBu)3,K3PO4,DMF,12.7789
6-Cl-Q|boronic-ester|P(tBu)3|K3PO4|MeCN,6-Cl-Q,boronic-ester,P(tBu)3,K3PO4,MeCN,8.7309
6-Cl-Q|boronic-ester|P(tBu)3|K3PO4|MeOH,6-Cl-Q,boronic-ester,P(tBu)3,K3PO4,MeOH,15.6948
6-Cl-Q|boronic-ester|P(tBu)3|K3PO4|THF,6-Cl-Q,boronic-ester,P(tBu)3,K3PO4,THF,30.5995
6-Cl-Q|boronic-ester|P(tBu)3|KOH|DMF,6-Cl-Q,boronic-ester,P(tBu)3,KOH,DMF,0.0
6-Cl-Q|boronic-ester|P(tBu)3|KOH|MeCN,6-Cl-Q,boronic-ester,P(tBu)3,KOH,MeCN,10.4766
6-Cl-Q|boronic-ester|P(tBu)3|KOH|MeOH,6-Cl-Q,boronic-ester,P(tBu)3,KOH,MeOH,15.3189
6-Cl-Q|boronic-ester|P(tBu)3|KOH|THF,6-Cl-Q,boronic-ester,P(tBu)3,KOH,THF,44.6339
6-Cl-Q|boronic-ester|P(tBu)3|LiOtBu|DMF,6-Cl-Q,boronic-ester,P(tBu)3,LiOtBu,DMF,9.5379
6-Cl-Q|boronic-ester|P(tBu)3|LiOtBu|MeCN,6-Cl-Q,boronic-ester,P(tBu)3,LiOtBu,MeCN,12.3908
6-Cl-Q|boronic-ester|P(tBu)3|LiOtBu|MeOH,6-Cl-Q,boronic-ester,P(tBu)3,LiOtBu,MeOH,17.4331
6-Cl-Q|boronic-ester|P(tBu)3|LiOtBu|THF,6-Cl-Q,boronic-ester,P(tBu)3,LiOtBu,THF,52.951
6-Cl-Q|boronic-ester|P(tBu)3|NaHCO3|DMF,6-Cl-Q,boronic-ester,P(tBu)3,NaHCO3,DMF,11.1346
6-Cl-Q|boronic-ester|P(tBu)3|NaHCO3|MeCN,6-Cl-Q,boronic-ester,P(tBu)3,NaHCO3,MeCN,10.7255
6-Cl-Q|boronic-ester|P(tBu)3|NaHCO3|MeOH,6-Cl-Q,boronic-ester,P(tBu)3,NaHCO3,MeOH,21.1988
6-Cl-Q|boronic-ester|P(tBu)3|NaHCO3|THF,6-Cl-Q,boronic-ester,P(tBu)3,NaHCO3,THF,51.1319
6-Cl-Q|boronic-ester|P(tBu)3|NaOH|DMF,6-Cl-Q,boronic-ester,P(tBu)3,NaOH,DMF,25.3391
6-Cl-Q|boronic-ester|P(tBu)3|NaOH|MeCN,6-Cl-Q,boronic-ester,P(tBu)3,NaOH,MeCN,1.1994
6-Cl-Q|boronic-ester|P(tBu)3|NaOH|MeOH,6-Cl-Q,boronic-ester,P(tBu)3,NaOH,MeOH,20.1859
6-Cl-Q|boronic-ester|P(tBu)3|NaOH|THF,6-Cl-Q,boronic-ester,P(tBu)3,NaOH,THF,22.0949
6-Cl-Q|boronic-ester|P(tBu)3|None|DMF,6-Cl-Q,boronic-ester,P(tBu)3,None,DMF,6.6912
6-Cl-Q|boronic-ester|P(tBu)3|None|MeCN,6-Cl-Q,boronic-ester,P(tBu)3,None,MeCN,12.1587
6-Cl-Q|boronic-ester|P(tBu)3|None|MeOH,6-Cl-Q,boronic-ester,P(tBu)3,None,MeOH,12.2285
6-Cl-Q|boronic-ester|P(tBu)3|None|THF,6-Cl-Q,boronic-ester,P(tBu)3,None,THF,51.1005
6-Cl-Q|boronic-ester|SPhos|CsF|DMF,6-Cl-Q,boronic-ester,SPhos,CsF,DMF,56.8579
6-Cl-Q|boronic-ester|SPhos|CsF|MeCN,6-Cl-Q,boronic-ester,SPhos,CsF,MeCN,72.0883
6-Cl-Q|boronic-ester|SPhos|CsF|MeOH,6-Cl-Q,boronic-ester,SPhos,CsF,MeOH,14.3812
6-Cl-Q|boronic-ester|SPhos|CsF|THF,6-Cl-Q,boronic-ester,SPhos,CsF,THF,46.5879
6-Cl-Q|boronic-ester|SPhos|Et3N|DMF,6-Cl-Q,boronic-ester,SPhos,Et3N,DMF,10.7538
6-Cl-Q|boronic-ester|SPhos|Et3N|MeCN,6-Cl-Q,boronic-ester,SPhos,Et3N,MeCN,72.1181
6-Cl-Q|boronic-ester|SPhos|Et3N|MeOH,6-Cl-Q,boronic-ester,SPhos,Et3N,MeOH,18.8651
6-Cl-Q|boronic-ester|SPhos|Et3N|THF,6-Cl-Q,boronic-ester,SPhos,Et3N,THF,76.2244
6-Cl-Q|boronic-ester|SPhos|K3PO4|DMF,6-Cl-Q,boronic-ester,SPhos,K3PO4,DMF,40.4292
6-Cl-Q|boronic-ester|SPhos|K3PO4|MeCN,6-Cl-Q,boronic-ester,SPhos,K3PO4,MeCN,69.4164
6-Cl-Q|boronic-ester|SPhos|K3PO4|MeOH,6-Cl-Q,boronic-ester,SPhos,K3PO4,MeOH,60.4458
6-Cl-Q|boronic-ester|SPhos|K3PO4|THF,6-Cl-Q,boronic-ester,SPhos,K3PO4,THF,53.7177
6-Cl-Q|boronic-ester|SPhos|KOH|DMF,6-Cl-Q,boronic-ester,SPhos,KOH,DMF,13.532
6-Cl-Q|boronic-ester|SPhos|KOH|MeCN,6-Cl-Q,boronic-ester,SPhos,KOH,MeCN,74.5398
6-Cl-Q|boronic-ester|SPhos|KOH|MeOH,6-Cl-Q,boronic-ester,SPhos,KOH,MeOH,60.3988
6-Cl-Q|boronic-ester|SPhos|KOH|THF,6-Cl-Q,boronic-ester,SPhos,KOH,THF,70.6706
6-Cl-Q|boronic-ester|SPhos|LiOtBu|DMF,6-Cl-Q,boronic-ester,SPhos,LiOtBu,DMF,12.3982
6-Cl-Q|boronic-ester|SPhos|LiOtBu|MeCN,6-Cl-Q,boronic-ester,SPhos,LiOtBu,MeCN,75.4952
6-Cl-Q|boronic-ester|SPhos|LiOtBu|MeOH,6-Cl-Q,boronic-ester,SPhos,LiOtBu,MeOH,60.0166
6-Cl-Q|boronic-ester|SPhos|LiOtBu|THF,6-Cl-Q,boronic-ester,SPhos,LiOtBu,THF,77.1262
6-Cl-Q|boronic-ester|SPhos|NaHCO3|DMF,6-Cl-Q,boronic-ester,SPhos,NaHCO3,DMF,46.4988
6-Cl-Q|boronic-ester|SPhos|NaHCO3|MeCN,6-Cl-Q,boronic-ester,SPhos,NaHCO3,MeCN,76.9244
6-Cl-Q|boronic-ester|SPhos|NaHCO3|MeOH,6-Cl-Q,boronic-ester,SPhos,NaHCO3,MeOH,35.9373
6-Cl-Q|boronic-ester|SPhos|NaHCO3|THF,6-Cl-Q,boronic-ester,SPhos,NaHCO3,THF,50.6622
6-Cl-Q|boronic-ester|SPhos|NaOH|DMF,6-Cl-Q,boronic-ester,SPhos,NaOH,DMF,72.3828
6-Cl-Q|boronic-ester|SPhos|NaOH|MeCN,6-Cl-Q,boronic-ester,SPhos,NaOH,MeCN,41.898
6-Cl-Q|boronic-ester|SPhos|NaOH|MeOH,6-Cl-Q,boronic-ester,SPhos,NaOH,MeOH,63.0567
6-Cl-Q|boronic-ester|SPhos|NaOH|THF,6-Cl-Q,boronic-ester,SPhos,NaOH,THF,78.4125
6-Cl-Q|boronic-ester|SPhos|None|DMF,6-Cl-Q,boronic-ester,SPhos,None,DMF,15.4182
6-Cl-Q|boronic-ester|SPhos|None|MeCN,6-Cl-Q,boronic-ester,SPhos,None,MeCN,64.6627
6-Cl-Q|boronic-ester|SPhos|None|MeOH,6-Cl-Q,boronic-ester,SPhos,None,MeOH,9.6189
6-Cl-Q|boronic-ester|SPhos|None|THF,6-Cl-Q,boronic-ester,SPhos,None,THF,69.298
6-Cl-Q|boronic-ester|XPhos|CsF|DMF,6-Cl-Q,boronic-ester,XPhos,CsF,DMF,47.98
6-Cl-Q|boronic-ester|XPhos|CsF|MeCN,6-Cl-Q,boronic-ester,XPhos,CsF,MeCN,77.7776
6-Cl-Q|boronic-ester|XPhos|CsF|MeOH,6-Cl-Q,boronic-ester,XPhos,CsF,MeOH,16.1847
6-Cl-Q|boronic-ester|XPhos|CsF|THF,6-Cl-Q,boronic-ester,XPhos,CsF,THF,57.5548
6-Cl-Q|boronic-ester|XPhos|Et3N|DMF,6-Cl-Q,boronic-ester,XPhos,Et3N,DMF,9.9022
6-Cl-Q|boronic-ester|XPhos|Et3N|MeCN,6-Cl-Q,boronic-ester,XPhos,Et3N,MeCN,67.7325
6-Cl-Q|boronic-ester|XPhos|Et3N|MeOH,6-Cl-Q,boronic-ester,XPhos,Et3N,MeOH,16.234
6-Cl-Q|boronic-ester|XPhos|Et3N|THF,6-Cl-Q,boronic-ester,XPhos,Et3N,THF,91.7637
6-Cl-Q|boronic-ester|XPhos|K3PO4|DMF,6-Cl-Q,boronic-ester,XPhos,K3PO4,DMF,40.4566
6-Cl-Q|boronic-ester|XPhos|K3PO4|MeCN,6-Cl-Q,boronic-ester,XPhos,K3PO4,MeCN,68.0519
6-Cl-Q|boronic-ester|XPhos|K3PO4|MeOH,6-Cl-Q,boronic-ester,XPhos,K3PO4,MeOH,51.7529
6-Cl-Q|boronic-ester|XPhos|K3PO4|THF,6-Cl-Q,boronic-ester,XPhos,K3PO4,THF,68.3133
6-Cl-Q|boronic-ester|XPhos|KOH|DMF,6-Cl-Q,boronic-ester,XPhos,KOH,DMF,10.4526
6-Cl-Q|boronic-ester|XPhos|KOH|MeCN,6-Cl-Q,boronic-ester,XPhos,KOH,MeCN,81.1725
6-Cl-Q|boronic-ester|XPhos|KOH|MeOH,6-Cl-Q,boronic-ester,XPhos,KOH,MeOH,60.8506
6-Cl-Q|boronic-ester|XPhos|KOH|THF,6-Cl-Q,boronic-ester,XPhos,KOH,THF,79.9376
6-Cl-Q|boronic-ester|XPhos|LiOtBu|DMF,6-Cl-Q,boronic-ester,XPhos,LiOtBu,DMF,11.1301
6-Cl-Q|boronic-ester|XPhos|LiOtBu|MeCN,6-Cl-Q,boronic-ester,XPhos,LiOtBu,MeCN,76.5581
6-Cl-Q|boronic-ester|XPhos|LiOtBu|MeOH,6-Cl-Q,boronic-ester,XPhos,LiOtBu,MeOH,65.5352
6-Cl-Q|boronic-ester|XPhos|LiOtBu|THF,6-Cl-Q,boronic-ester,XPhos,LiOtBu,THF,92.529
6-Cl-Q|boronic-ester|XPhos|NaHCO3|DMF,6-Cl-Q,boronic-ester,XPhos,NaHCO3,DMF,52.9348
6-Cl-Q|boronic-ester|XPhos|NaHCO3|MeCN,6-Cl-Q,boronic-ester,XPhos,NaHCO3,MeCN,76.6093
6-Cl-Q|boronic-ester|XPhos|NaHCO3|MeOH,6-Cl-Q,boronic-ester,XPhos,NaHCO3,MeOH,34.1638
6-Cl-Q|boronic-ester|XPhos|NaHCO3|THF,6-Cl-Q,boronic-ester,XPhos,NaHCO3,THF,56.4988
6-Cl-Q|boronic-ester|XPhos|NaOH|DMF,6-Cl-Q,boronic-ester,XPhos,NaOH,DMF,86.531
6-Cl-Q|boronic-ester|XPhos|NaOH|MeCN,6-Cl-Q,boronic-ester,XPhos,NaOH,MeCN,56.6572
6-Cl-Q|boronic-ester|XPhos|NaOH|MeOH,6-Cl-Q,boronic-ester,XPhos,NaOH,MeOH,58.9725
6-Cl-Q|boronic-ester|XPhos|NaOH|THF,6-Cl-Q,boronic-ester,XPhos,NaOH,THF,92.1587
6-Cl-Q|boronic-ester|XPhos|None|DMF,6-Cl-Q,boronic-ester,XPhos,None,DMF,8.4746
6-Cl-Q|boronic-ester|XPhos|None|MeCN,6-Cl-Q,boronic-ester,XPhos,None,MeCN,66.3693
6-Cl-Q|boronic-ester|XPhos|None|MeOH,6-Cl-Q,boronic-ester,XPhos,None,MeOH,10.308
6-Cl-Q|boronic-ester|XPhos|None|THF,6-Cl-Q,boronic-ester,XPhos,None,THF,84.8295
6-Cl-Q|boronic-ester|Xantphos|CsF|DMF,6-Cl-Q,boronic-ester,Xantphos,CsF,DMF,0.5603
6-Cl-Q|boronic-ester|Xantphos|CsF|MeCN,6-Cl-Q,boronic-ester,Xantphos,CsF,MeCN,0.9441
6-Cl-Q|boronic-ester|Xantphos|CsF|MeOH,6-Cl-Q,boronic-ester,Xantphos,CsF,MeOH,3.8576
6-Cl-Q|boronic-ester|Xantphos|CsF|THF,6-Cl-Q,boronic-ester,Xantphos,CsF,THF,3.2834
6-Cl-Q|boronic-ester|Xantphos|Et3N|DMF,6-Cl-Q,boronic-ester,Xantphos,Et3N,DMF,7.8806
6-Cl-Q|boronic-ester|Xantphos|Et3N|MeCN,6-Cl-Q,boronic-ester,Xantphos,Et3N,MeCN,5.5432
6-Cl-Q|boronic-ester|Xantphos|Et3N|MeOH,6-Cl-Q,boronic-ester,Xantphos,Et3N,MeOH,5.7506
6-Cl-Q|boronic-ester|Xantphos|Et3N|THF,6-Cl-Q,boronic-ester,Xantphos,Et3N,THF,5.1434
6-Cl-Q|boronic-ester|Xantphos|K3PO4|DMF,6-Cl-Q,boronic-ester,Xantphos,K3PO4,DMF,0.5951
6-Cl-Q|boronic-ester|Xantphos|K3PO4|MeCN,6-Cl-Q,boronic-ester,Xantphos,K3PO4,MeCN,0.958
6-Cl-Q|boronic-ester|Xantphos|K3PO4|MeOH,6-Cl-Q,boronic-ester,Xantphos,K3PO4,MeOH,7.556
6-Cl-Q|boronic-ester|Xantphos|K3PO4|THF,6-Cl-Q,boronic-ester,Xantphos,K3PO4,THF,3.5406
6-Cl-Q|boronic-ester|Xantphos|KOH|DMF,6-Cl-Q,boronic-ester,Xantphos,KOH,DMF,7.3741
6-Cl-Q|boronic-ester|Xantphos|KOH|MeCN,6-Cl-Q,boronic-ester,Xantphos,KOH,MeCN,0.5227
6-Cl-Q|boronic-ester|Xantphos|KOH|MeOH,6-Cl-Q,boronic-ester,Xantphos,KOH,MeOH,6.8593
6-Cl-Q|boronic-ester|Xantphos|KOH|THF,6-Cl-Q,boronic-ester,Xantphos,KOH,THF,4.5621
6-Cl-Q|boronic-ester|Xantphos|LiOtBu|DMF,6-Cl-Q,boronic-ester,Xantphos,LiOtBu,DMF,6.4752
6-Cl-Q|boronic-ester|Xantphos|LiOtBu|MeCN,6-Cl-Q,boronic-ester,Xantphos,LiOtBu,MeCN,5.7118
6-Cl-Q|boronic-ester|Xantphos|LiOtBu|MeOH,6-Cl-Q,boronic-ester,Xantphos,LiOtBu,MeOH,8.5332
6-Cl-Q|boronic-ester|Xantphos|LiOtBu|THF,6-Cl-Q,boronic-ester,Xantphos,LiOtBu,THF,3.5072
6-Cl-Q|boronic-ester|Xantphos|NaHCO3|DMF,6-Cl-Q,boronic-ester,Xantphos,NaHCO3,DMF,0.5839
6-Cl-Q|boronic-ester|Xantphos|NaHCO3|MeCN,6-Cl-Q,boronic-ester,Xantphos,NaHCO3,MeCN,5.8171
6-Cl-Q|boronic-ester|Xantphos|NaHCO3|MeOH,6-Cl-Q,boronic-ester,Xantphos,NaHCO3,MeOH,5.3782
6-Cl-Q|boronic-ester|Xantphos|NaHCO3|THF,6-Cl-Q,boronic-ester,Xantphos,NaHCO3,THF,3.8781
6-Cl-Q|boronic-ester|Xantphos|NaOH|DMF,6-Cl-Q,boronic-ester,Xantphos,NaOH,DMF,5.2614
6-Cl-Q|boronic-ester|Xantphos|NaOH|MeCN,6-Cl-Q,boronic-ester,Xantphos,NaOH,MeCN,1.2518
6-Cl-Q|boronic-ester|Xantphos|NaOH|MeOH,6-Cl-Q,boronic-ester,Xantphos,NaOH,MeOH,1.1425
6-Cl-Q|boronic-ester|Xantphos|NaOH|THF,6-Cl-Q,boronic-ester,Xantphos,NaOH,THF,4.6868
6-Cl-Q|boronic-ester|Xantphos|None|DMF,6-Cl-Q,boronic-ester,Xantphos,None,DMF,8.4797
6-Cl-Q|boronic-ester|Xantphos|None|MeCN,6-Cl-Q,boronic-ester,Xantphos,None,MeCN,0.4429
6-Cl-Q|boronic-ester|Xantphos|None|MeOH,6-Cl-Q,boronic-ester,Xantphos,None,MeOH,6.737
6-Cl-Q|boronic-ester|Xantphos|None|THF,6-Cl-Q,boronic-ester,Xantphos,None,THF,7.3543
6-Cl-Q|boronic-ester|dppf|CsF|DMF,6-Cl-Q,boronic-ester,dppf,CsF,DMF,24.0776
6-Cl-Q|boronic-ester|dppf|CsF|MeCN,6-Cl-Q,boronic-ester,dppf,CsF,MeCN,22.9216
6-Cl-Q|boronic-ester|dppf|CsF|MeOH,6-Cl-Q,boronic-ester,dppf,CsF,MeOH,12.6909
6-Cl-Q|boronic-ester|dppf|CsF|THF,6-Cl-Q,boronic-ester,dppf,CsF,THF,26.2076
6-Cl-Q|boronic-ester|dppf|Et3N|DMF,6-Cl-Q,boronic-ester,dppf,Et3N,DMF,22.8062
6-Cl-Q|boronic-ester|dppf|Et3N|MeCN,6-Cl-Q,boronic-ester,dppf,Et3N,MeCN,23.706
6-Cl-Q|boronic-ester|dppf|Et3N|MeOH,6-Cl-Q,boronic-ester,dppf,Et3N,MeOH,14.7294
6-Cl-Q|boronic-ester|dppf|Et3N|THF,6-Cl-Q,boronic-ester,dppf,Et3N,THF,24.9842
6-Cl-Q|boronic-ester|dppf|K3PO4|DMF,6-Cl-Q,boronic-ester,dppf,K3PO4,DMF,24.7113
6-Cl-Q|boronic-ester|dppf|K3PO4|MeCN,6-Cl-Q,boronic-ester,dppf,K3PO4,MeCN,21.1959
6-Cl-Q|boronic-ester|dppf|K3PO4|MeOH,6-Cl-Q,boronic-ester,dppf,K3PO4,MeOH,16.1295
6-Cl-Q|boronic-ester|dppf|K3PO4|THF,6-Cl-Q,boronic-ester,dppf,K3PO4,THF,25.5111
6-Cl-Q|boronic-ester|dppf|KOH|DMF,6-Cl-Q,boronic-ester,dppf,KOH,DMF,21.8549
6-Cl-Q|boronic-ester|dppf|KOH|MeCN,6-Cl-Q,boronic-ester,dppf,KOH,MeCN,20.7888
6-Cl-Q|boronic-ester|dppf|KOH|MeOH,6-Cl-Q,boronic-ester,dppf,KOH,MeOH,17.1836
6-Cl-Q|boronic-ester|dppf|KOH|THF,6-Cl-Q,boronic-ester,dppf,KOH,THF,28.721
6-Cl-Q|boronic-ester|dppf|LiOtBu|DMF,6-Cl-Q,boronic-ester,dppf,LiOtBu,DMF,21.3558
6-Cl-Q|boronic-ester|dppf|LiOtBu|MeCN,6-Cl-Q,boronic-ester,dppf,LiOtBu,MeCN,21.2735
6-Cl-Q|boronic-ester|dppf|LiOtBu|MeOH,6-Cl-Q,boronic-ester,dppf,LiOtBu,MeOH,17.7416
6-Cl-Q|boronic-ester|dppf|LiOtBu|THF,6-Cl-Q,boronic-ester,dppf,LiOtBu,THF,31.8492
6-Cl-Q|boronic-ester|dppf|NaHCO3|DMF,6-Cl-Q,boronic-ester,dppf,NaHCO3,DMF,24.4595
6-Cl-Q|boronic-ester|dppf|NaHCO3|MeCN,6-Cl-Q,boronic-ester,dppf,NaHCO3,MeCN,22.132
6-Cl-Q|boronic-ester|dppf|NaHCO3|MeOH,6-Cl-Q,boronic-ester,dppf,NaHCO3,MeOH,15.4329
6-Cl-Q|boronic-ester|dppf|NaHCO3|THF,6-Cl-Q,boronic-ester,dppf,NaHCO3,THF,26.1045
6-Cl-Q|boronic-ester|dppf|NaOH|DMF,6-Cl-Q,boronic-ester,dppf,NaOH,DMF,16.9961
6-Cl-Q|boronic-ester|dppf|NaOH|MeCN,6-Cl-Q,boronic-ester,dppf,NaOH,MeCN,19.4069
6-Cl-Q|boronic-ester|dppf|NaOH|MeOH,6-Cl-Q,boronic-ester,dppf,NaOH,MeOH,15.369
6-Cl-Q|boronic-ester|dppf|NaOH|THF,6-Cl-Q,boronic-ester,dppf,NaOH,THF,28.1106
6-Cl-Q|boronic-ester|dppf|None|DMF,6-Cl-Q,boronic-ester,dppf,None,DMF,24.3001
6-Cl-Q|boronic-ester|dppf|None|MeCN,6-Cl-Q,boronic-ester,dppf,None,MeCN,22.7624
6-Cl-Q|boronic-ester|dppf|None|MeOH,6-Cl-Q,boronic-ester,dppf,None,MeOH,13.6339
6-Cl-Q|boronic-ester|dppf|None|THF,6-Cl-Q,boronic-ester,dppf,None,THF,24.25
6-Cl-Q|boronic-ester|dtbpf|CsF|DMF,6-Cl-Q,boronic-ester,dtbpf,CsF,DMF,16.6269
6-Cl-Q|boronic-ester|dtbpf|CsF|MeCN,6-Cl-Q,boronic-ester,dtbpf,CsF,MeCN,16.6413
6-Cl-Q|boronic-ester|dtbpf|CsF|MeOH,6-Cl-Q,boronic-ester,dtbpf,CsF,MeOH,16.9109
6-Cl-Q|boronic-ester|dtbpf|CsF|THF,6-Cl-Q,boronic-ester,dtbpf,CsF,THF,19.301
6-Cl-Q|boronic-ester|dtbpf|Et3N|DMF,6-Cl-Q,boronic-ester,dtbpf,Et3N,DMF,17.3943
6-Cl-Q|boronic-ester|dtbpf|Et3N|MeCN,6-Cl-Q,boronic-ester,dtbpf,Et3N,MeCN,14.3133
6-Cl-Q|boronic-ester|dtbpf|Et3N|MeOH,6-Cl-Q,boronic-ester,dtbpf,Et3N,MeOH,13.1389
6-Cl-Q|boronic-ester|dtbpf|Et3N|THF,6-Cl-Q,boronic-ester,dtbpf,Et3N,THF,17.9262
6-Cl-Q|boronic-ester|dtbpf|K3PO4|DMF,6-Cl-Q,boronic-ester,dtbpf,K3PO4,DMF,15.7844
6-Cl-Q|boronic-ester|dtbpf|K3PO4|MeCN,6-Cl-Q,boronic-ester,dtbpf,K3PO4,MeCN,15.4928
6-Cl-Q|boronic-ester|dtbpf|K3PO4|MeOH,6-Cl-Q,boronic-ester,dtbpf,K3PO4,MeOH,14.4414
6-Cl-Q|boronic-ester|dtbpf|K3PO4|THF,6-Cl-Q,boronic-ester,dtbpf,K3PO4,THF,18.3132
6-Cl-Q|boronic-ester|dtbpf|KOH|DMF,6-Cl-Q,boronic-ester,dtbpf,KOH,DMF,18.045
6-Cl-Q|boronic-ester|dtbpf|KOH|MeCN,6-Cl-Q,boronic-ester,dtbpf,KOH,MeCN,15.9518
6-Cl-Q|boronic-ester|dtbpf|KOH|MeOH,6-Cl-Q,boronic-ester,dtbpf,KOH,MeOH,14.5698
6-Cl-Q|boronic-ester|dtbpf|KOH|THF,6-Cl-Q,boronic-ester,dtbpf,KOH,THF,22.1836
6-Cl-Q|boronic-ester|dtbpf|LiOtBu|DMF,6-Cl-Q,boronic-ester,dtbpf,LiOtBu,DMF,17.2579
6-Cl-Q|boronic-ester|dtbpf|LiOtBu|MeCN,6-Cl-Q,boronic-ester,dtbpf,LiOtBu,MeCN,14.8936
6-Cl-Q|boronic-ester|dtbpf|LiOtBu|MeOH,6-Cl-Q,boronic-ester,dtbpf,LiOtBu,MeOH,16.5615
6-Cl-Q|boronic-ester|dtbpf|LiOtBu|THF,6-Cl-Q,boronic-ester,dtbpf,LiOtBu,THF,18.2232
6-Cl-Q|boronic-ester|dtbpf|NaHCO3|DMF,6-Cl-Q,boronic-ester,dtbpf,NaHCO3,DMF,15.4481
6-Cl-Q|boronic-ester|dtbpf|NaHCO3|MeCN,6-Cl-Q,boronic-ester,dtbpf,NaHCO3,MeCN,14.4445
6-Cl-Q|boronic-ester|dtbpf|NaHCO3|MeOH,6-Cl-Q,boronic-ester,dtbpf,NaHCO3,MeOH,13.1594
6-Cl-Q|boronic-ester|dtbpf|NaHCO3|THF,6-Cl-Q,boronic-ester,dtbpf,NaHCO3,THF,18.1643
6-Cl-Q|boronic-ester|dtbpf|NaOH|DMF,6-Cl-Q,boronic-ester,dtbpf,NaOH,DMF,18.4498
6-Cl-Q|boronic-ester|dtbpf|NaOH|MeCN,6-Cl-Q,boronic-ester,dtbpf,NaOH,MeCN,18.0216
6-Cl-Q|boronic-ester|dtbpf|NaOH|MeOH,6-Cl-Q,boronic-ester,dtbpf,NaOH,MeOH,13.9406
6-Cl-Q|boronic-ester|dtbpf|NaOH|THF,6-Cl-Q,boronic-ester,dtbpf,NaOH,THF,19.1356
6-Cl-Q|boronic-ester|dtbpf|None|DMF,6-Cl-Q,boronic-ester,dtbpf,None,DMF,16.8772
6-Cl-Q|boronic-ester|dtbpf|None|MeCN,6-Cl-Q,boronic-ester,dtbpf,None,MeCN,14.4812
6-Cl-Q|boronic-ester|dtbpf|None|MeOH,6-Cl-Q,boronic-ester,dtbpf,None,MeOH,10.8218
6-Cl-Q|boronic-ester|dtbpf|None|THF,6-Cl-Q,boronic-ester,dtbpf,None,THF,19.3178
6-Cl-Q|trifluoroborate|AmPhos|CsF|DMF,6-Cl-Q,trifluoroborate,AmPhos,CsF,DMF,15.6548
6-Cl-Q|trifluoroborate|AmPhos|CsF|MeCN,6-Cl-Q,trifluoroborate,AmPhos,CsF,MeCN,15.8278
6-Cl-Q|trifluoroborate|AmPhos|CsF|MeOH,6-Cl-Q,trifluoroborate,AmPhos,CsF,MeOH,16.3471
6-Cl-Q|trifluoroborate|AmPhos|CsF|THF,6-Cl-Q,trifluoroborate,AmPhos,CsF,THF,17.4079
6-Cl-Q|trifluoroborate|AmPhos|Et3N|DMF,6-Cl-Q,trifluoroborate,AmPhos,Et3N,DMF,17.2548
6-Cl-Q|trifluoroborate|AmPhos|Et3N|MeCN,6-Cl-Q,trifluoroborate,AmPhos,Et3N,MeCN,13.9718
6-Cl-Q|trifluoroborate|AmPhos|Et3N|MeOH,6-Cl-Q,trifluoroborate,AmPhos,Et3N,MeOH,16.7358
6-Cl-Q|trifluoroborate|AmPhos|Et3N|THF,6-Cl-Q,trifluoroborate,AmPhos,Et3N,THF,15.4687
6-Cl-Q|trifluoroborate|AmPhos|K3PO4|DMF,6-Cl-Q,trifluoroborate,AmPhos,K3PO4,DMF,18.4468
6-Cl-Q|trifluoroborate|AmPhos|K3PO4|MeCN,6-Cl-Q,trifluoroborate,AmPhos,K3PO4,MeCN,14.3529
6-Cl-Q|trifluoroborate|AmPhos|K3PO4|MeOH,6-Cl-Q,trifluoroborate,AmPhos,K3PO4,MeOH,18.1436
6-Cl-Q|trifluoroborate|AmPhos|K3PO4|THF,6-Cl-Q,trifluoroborate,AmPhos,K3PO4,THF,20.486
6-Cl-Q|trifluoroborate|AmPhos|KOH|DMF,6-Cl-Q,trifluoroborate,AmPhos,KOH,DMF,16.4615
6-Cl-Q|trifluoroborate|AmPhos|KOH|MeCN,6-Cl-Q,trifluoroborate,AmPhos,KOH,MeCN,19.4111
6-Cl-Q|trifluoroborate|AmPhos|KOH|MeOH,6-Cl-Q,trifluoroborate,AmPhos,KOH,MeOH,18.3119
6-Cl-Q|trifluoroborate|AmPhos|KOH|THF,6-Cl-Q,trifluoroborate,AmPhos,KOH,THF,16.1379
6-Cl-Q|trifluoroborate|AmPhos|LiOtBu|DMF,6-Cl-Q,trifluoroborate,AmPhos,LiOtBu,DMF,13.9954
6-Cl-Q|trifluoroborate|AmPhos|LiOtBu|MeCN,6-Cl-Q,trifluoroborate,AmPhos,LiOtBu,MeCN,12.5486
6-Cl-Q|trifluoroborate|AmPhos|LiOtBu|MeOH,6-Cl-Q,trifluoroborate,AmPhos,LiOtBu,MeOH,15.2623
6-Cl-Q|trifluoroborate|AmPhos|LiOtBu|THF,6-Cl-Q,trifluoroborate,AmPhos,LiOtBu,THF,15.2439
6-Cl-Q|trifluoroborate|AmPhos|NaHCO3|DMF,6-Cl-Q,trifluoroborate,AmPhos,NaHCO3,DMF,14.8953
6-Cl-Q|trifluoroborate|AmPhos|NaHCO3|MeCN,6-Cl-Q,trifluoroborate,AmPhos,NaHCO3,MeCN,15.3224
6-Cl-Q|trifluoroborate|AmPhos|NaHCO3|MeOH,6-Cl-Q,trifluoroborate,AmPhos,NaHCO3,MeOH,14.782
6-Cl-Q|trifluoroborate|AmPhos|NaHCO3|THF,6-Cl-Q,trifluoroborate,AmPhos,NaHCO3,THF,14.9569
6-Cl-Q|trifluoroborate|AmPhos|NaOH|DMF,6-Cl-Q,trifluoroborate,AmPhos,NaOH,DMF,15.2975
6-Cl-Q|trifluoroborate|AmPhos|NaOH|MeCN,6-Cl-Q,trifluoroborate,AmPhos,NaOH,MeCN,15.9154
6-Cl-Q|trifluoroborate|AmPhos|NaOH|MeOH,6-Cl-Q,trifluoroborate,AmPhos,NaOH,MeOH,18.1451
6-Cl-Q|trifluoroborate|AmPhos|NaOH|THF,6-Cl-Q,trifluoroborate,AmPhos,NaOH,THF,18.0687
6-Cl-Q|trifluoroborate|AmPhos|None|DMF,6-Cl-Q,trifluoroborate,AmPhos,None,DMF,15.5732
6-Cl-Q|trifluoroborate|AmPhos|None|MeCN,6-Cl-Q,trifluoroborate,AmPhos,None,MeCN,17.0942
6-Cl-Q|trifluoroborate|AmPhos|None|MeOH,6-Cl-Q,trifluoroborate,AmPhos,None,MeOH,18.207
6-Cl-Q|trifluoroborate|AmPhos|None|THF,6-Cl-Q,trifluoroborate,AmPhos,None,THF,16.4138
6-Cl-Q|trifluoroborate|CataCXium A|CsF|DMF,6-Cl-Q,trifluoroborate,CataCXium A,CsF,DMF,17.6336
6-Cl-Q|trifluoroborate|CataCXium A|CsF|MeCN,6-Cl-Q,trifluoroborate,CataCXium A,CsF,MeCN,13.8505
6-Cl-Q|trifluoroborate|CataCXium A|CsF|MeOH,6-Cl-Q,trifluoroborate,CataCXium A,CsF,MeOH,26.2775
6-Cl-Q|trifluoroborate|CataCXium A|CsF|THF,6-Cl-Q,trifluoroborate,CataCXium A,CsF,THF,27.274
6-Cl-Q|trifluoroborate|CataCXium A|Et3N|DMF,6-Cl-Q,trifluoroborate,CataCXium A,Et3N,DMF,23.835
6-Cl-Q|trifluoroborate|CataCXium A|Et3N|MeCN,6-Cl-Q,trifluoroborate,CataCXium A,Et3N,MeCN,14.3913
6-Cl-Q|trifluoroborate|CataCXium A|Et3N|MeOH,6-Cl-Q,trifluoroborate,CataCXium A,Et3N,MeOH,20.1637
6-Cl-Q|trifluoroborate|CataCXium A|Et3N|THF,6-Cl-Q,trifluoroborate,CataCXium A,Et3N,THF,23.6167
6-Cl-Q|trifluoroborate|CataCXium A|K3PO4|DMF,6-Cl-Q,trifluoroborate,CataCXium A,K3PO4,DMF,20.304
6-Cl-Q|trifluoroborate|CataCXium A|K3PO4|MeCN,6-Cl-Q,trifluoroborate,CataCXium A,K3PO4,MeCN,14.5001
6-Cl-Q|trifluoroborate|CataCXium A|K3PO4|MeOH,6-Cl-Q,trifluoroborate,CataCXium A,K3PO4,MeOH,20.8862
6-Cl-Q|trifluoroborate|CataCXium A|K3PO4|THF,6-Cl-Q,trifluoroborate,CataCXium A,K3PO4,THF,27.5171
6-Cl-Q|trifluoroborate|CataCXium A|KOH|DMF,6-Cl-Q,trifluoroborate,CataCXium A,KOH,DMF,21.6883
6-Cl-Q|trifluoroborate|CataCXium A|KOH|MeCN,6-Cl-Q,trifluoroborate,CataCXium A,KOH,MeCN,16.0512
6-Cl-Q|trifluoroborate|CataCXium A|KOH|MeOH,6-Cl-Q,trifluoroborate,CataCXium A,KOH,MeOH,22.0017
6-Cl-Q|trifluoroborate|CataCXium A|KOH|THF,6-Cl-Q,trifluoroborate,CataCXium A,KOH,THF,21.3665
6-Cl-Q|trifluoroborate|CataCXium A|LiOtBu|DMF,6-Cl-Q,trifluoroborate,CataCXium A,LiOtBu,DMF,16.6664
6-Cl-Q|trifluoroborate|CataCXium A|LiOtBu|MeCN,6-Cl-Q,trifluoroborate,CataCXium A,LiOtBu,MeCN,13.5105
6-Cl-Q|trifluoroborate|CataCXium A|LiOtBu|MeOH,6-Cl-Q,trifluoroborate,CataCXium A,LiOtBu,MeOH,26.2377
6-Cl-Q|trifluoroborate|CataCXium A|LiOtBu|THF,6-Cl-Q,trifluoroborate,CataCXium A,LiOtBu,THF,17.9901
6-Cl-Q|trifluoroborate|CataCXium A|NaHCO3|DMF,6-Cl-Q,trifluoroborate,CataCXium A,NaHCO3,DMF,18.971
6-Cl-Q|trifluoroborate|CataCXium A|NaHCO3|MeCN,6-Cl-Q,trifluoroborate,CataCXium A,NaHCO3,MeCN,16.031
6-Cl-Q|trifluoroborate|CataCXium A|NaHCO3|MeOH,6-Cl-Q,trifluoroborate,CataCXium A,NaHCO3,MeOH,7.7322
6-Cl-Q|trifluoroborate|CataCXium A|NaHCO3|THF,6-Cl-Q,trifluoroborate,CataCXium A,NaHCO3,THF,18.0024
6-Cl-Q|trifluoroborate|CataCXium A|NaOH|DMF,6-Cl-Q,trifluoroborate,CataCXium A,NaOH,DMF,17.2301
6-Cl-Q|trifluoroborate|CataCXium A|NaOH|MeCN,6-Cl-Q,trifluoroborate,CataCXium A,NaOH,MeCN,16.6479
6-Cl-Q|trifluoroborate|CataCXium A|NaOH|MeOH,6-Cl-Q,trifluoroborate,CataCXium A,NaOH,MeOH,21.3924
6-Cl-Q|trifluoroborate|CataCXium A|NaOH|THF,6-Cl-Q,trifluoroborate,CataCXium A,NaOH,THF,20.2756
6-Cl-Q|trifluoroborate|CataCXium A|None|DMF,6-Cl-Q,trifluoroborate,CataCXium A,None,DMF,18.5758
6-Cl-Q|trifluoroborate|CataCXium A|None|MeCN,6-Cl-Q,trifluoroborate,CataCXium A,None,MeCN,21.8893
6-Cl-Q|trifluoroborate|CataCXium A|None|MeOH,6-Cl-Q,trifluoroborate,CataCXium A,None,MeOH,24.688
6-Cl-Q|trifluoroborate|CataCXium A|None|THF,6-Cl-Q,trifluoroborate,CataCXium A,None,THF,30.0523
6-Cl-Q|trifluoroborate|None|CsF|DMF,6-Cl-Q,trifluoroborate,None,CsF,DMF,25.8322
6-Cl-Q|trifluoroborate|None|CsF|MeCN,6-Cl-Q,trifluoroborate,None,CsF,MeCN,16.8138
6-Cl-Q|trifluoroborate|None|CsF|MeOH,6-Cl-Q,trifluoroborate,None,CsF,MeOH,22.2973
6-Cl-Q|trifluoroborate|None|CsF|THF,6-Cl-Q,trifluoroborate,None,CsF,THF,22.3274
6-Cl-Q|trifluoroborate|None|Et3N|DMF,6-Cl-Q,trifluoroborate,None,Et3N,DMF,17.7736
6-Cl-Q|trifluoroborate|None|Et3N|MeCN,6-Cl-Q,trifluoroborate,None,Et3N,MeCN,19.294
6-Cl-Q|trifluoroborate|None|Et3N|MeOH,6-Cl-Q,trifluoroborate,None,Et3N,MeOH,22.8883
6-Cl-Q|trifluoroborate|None|Et3N|THF,6-Cl-Q,trifluoroborate,None,Et3N,THF,14.9207
6-Cl-Q|trifluoroborate|None|K3PO4|DMF,6-Cl-Q,trifluoroborate,None,K3PO4,DMF,24.5318
6-Cl-Q|trifluoroborate|None|K3PO4|MeCN,6-Cl-Q,trifluoroborate,None,K3PO4,MeCN,14.5691
6-Cl-Q|trifluoroborate|None|K3PO4|MeOH,6-Cl-Q,trifluoroborate,None,K3PO4,MeOH,22.0106
6-Cl-Q|trifluoroborate|None|K3PO4|THF,6-Cl-Q,trifluoroborate,None,K3PO4,THF,22.6442
6-Cl-Q|trifluoroborate|None|KOH|DMF,6-Cl-Q,trifluoroborate,None,KOH,DMF,18.6369
6-Cl-Q|trifluoroborate|None|KOH|MeCN,6-Cl-Q,trifluoroborate,None,KOH,MeCN,15.5781
6-Cl-Q|trifluoroborate|None|KOH|MeOH,6-Cl-Q,trifluoroborate,None,KOH,MeOH,23.5648
6-Cl-Q|trifluoroborate|None|KOH|THF,6-Cl-Q,trifluoroborate,None,KOH,THF,18.3133
6-Cl-Q|trifluoroborate|None|LiOtBu|DMF,6-Cl-Q,trifluoroborate,None,LiOtBu,DMF,50.9337
6-Cl-Q|trifluoroborate|None|LiOtBu|MeCN,6-Cl-Q,trifluoroborate,None,LiOtBu,MeCN,14.7543
6-Cl-Q|trifluoroborate|None|LiOtBu|MeOH,6-Cl-Q,trifluoroborate,None,LiOtBu,MeOH,22.3147
6-Cl-Q|trifluoroborate|None|LiOtBu|THF,6-Cl-Q,trifluoroborate,None,LiOtBu,THF,17.2128
6-Cl-Q|trifluoroborate|None|NaHCO3|DMF,6-Cl-Q,trifluoroborate,None,NaHCO3,DMF,19.5886
6-Cl-Q|trifluoroborate|None|NaHCO3|MeCN,6-Cl-Q,trifluoroborate,None,NaHCO3,MeCN,17.5325
6-Cl-Q|trifluoroborate|None|NaHCO3|MeOH,6-Cl-Q,trifluoroborate,None,NaHCO3,MeOH,21.0633
6-Cl-Q|trifluoroborate|None|NaHCO3|THF,6-Cl-Q,trifluoroborate,None,NaHCO3,THF,18.7657
6-Cl-Q|trifluoroborate|None|NaOH|DMF,6-Cl-Q,trifluoroborate,None,NaOH,DMF,17.5565
6-Cl-Q|trifluoroborate|None|NaOH|MeCN,6-Cl-Q,trifluoroborate,None,NaOH,MeCN,18.789
6-Cl-Q|trifluoroborate|None|NaOH|MeOH,6-Cl-Q,trifluoroborate,None,NaOH,MeOH,23.1385
6-Cl-Q|trifluoroborate|None|NaOH|THF,6-Cl-Q,trifluoroborate,None,NaOH,THF,21.1476
6-Cl-Q|trifluoroborate|None|None|DMF,6-Cl-Q,trifluoroborate,None,None,DMF,18.4779
6-Cl-Q|trifluoroborate|None|None|MeCN,6-Cl-Q,trifluoroborate,None,None,MeCN,24.2041
6-Cl-Q|trifluoroborate|None|None|MeOH,6-Cl-Q,trifluoroborate,None,None,MeOH,17.9034
6-Cl-Q|trifluoroborate|None|None|THF,6-Cl-Q,trifluoroborate,None,None,THF,21.8958
6-Cl-Q|trifluoroborate|P(Cy)3|CsF|DMF,6-Cl-Q,trifluoroborate,P(Cy)3,CsF,DMF,15.079
6-Cl-Q|trifluoroborate|P(Cy)3|CsF|MeCN,6-Cl-Q,trifluoroborate,P(Cy)3,CsF,MeCN,16.6436
6-Cl-Q|trifluoroborate|P(Cy)3|CsF|MeOH,6-Cl-Q,trifluoroborate,P(Cy)3,CsF,MeOH,19.7216
6-Cl-Q|trifluoroborate|P(Cy)3|CsF|THF,6-Cl-Q,trifluoroborate,P(Cy)3,CsF,THF,22.8381
6-Cl-Q|trifluoroborate|P(Cy)3|Et3N|DMF,6-Cl-Q,trifluoroborate,P(Cy)3,Et3N,DMF,15.6661
6-Cl-Q|trifluoroborate|P(Cy)3|Et3N|MeCN,6-Cl-Q,trifluoroborate,P(Cy)3,Et3N,MeCN,12.8303
6-Cl-Q|trifluoroborate|P(Cy)3|Et3N|MeOH,6-Cl-Q,trifluoroborate,P(Cy)3,Et3N,MeOH,17.0155
6-Cl-Q|trifluoroborate|P(Cy)3|Et3N|THF,6-Cl-Q,trifluoroborate,P(Cy)3,Et3N,THF,16.7978
6-Cl-Q|trifluoroborate|P(Cy)3|K3PO4|DMF,6-Cl-Q,trifluoroborate,P(Cy)3,K3PO4,DMF,19.8656
6-Cl-Q|trifluoroborate|P(Cy)3|K3PO4|MeCN,6-Cl-Q,trifluoroborate,P(Cy)3,K3PO4,MeCN,19.0433
6-Cl-Q|trifluoroborate|P(Cy)3|K3PO4|MeOH,6-Cl-Q,trifluoroborate,P(Cy)3,K3PO4,MeOH,21.3885
6-Cl-Q|trifluoroborate|P(Cy)3|K3PO4|THF,6-Cl-Q,trifluoroborate,P(Cy)3,K3PO4,THF,25.2465
6-Cl-Q|trifluoroborate|P(Cy)3|KOH|DMF,6-Cl-Q,trifluoroborate,P(Cy)3,KOH,DMF,18.4026
6-Cl-Q|trifluoroborate|P(Cy)3|KOH|MeCN,6-Cl-Q,trifluoroborate,P(Cy)3,KOH,MeCN,19.0547
6-Cl-Q|trifluoroborate|P(Cy)3|KOH|MeOH,6-Cl-Q,trifluoroborate,P(Cy)3,KOH,MeOH,18.117
6-Cl-Q|trifluoroborate|P(Cy)3|KOH|THF,6-Cl-Q,trifluoroborate,P(Cy)3,KOH,THF,21.0778
6-Cl-Q|trifluoroborate|P(Cy)3|LiOtBu|DMF,6-Cl-Q,trifluoroborate,P(Cy)3,LiOtBu,DMF,20.0476
6-Cl-Q|trifluoroborate|P(Cy)3|LiOtBu|MeCN,6-Cl-Q,trifluoroborate,P(Cy)3,LiOtBu,MeCN,14.573
6-Cl-Q|trifluoroborate|P(Cy)3|LiOtBu|MeOH,6-Cl-Q,trifluoroborate,P(Cy)3,LiOtBu,MeOH,16.9787
6-Cl-Q|trifluoroborate|P(Cy)3|LiOtBu|THF,6-Cl-Q,trifluoroborate,P(Cy)3,LiOtBu,THF,18.6506
6-Cl-Q|trifluoroborate|P(Cy)3|NaHCO3|DMF,6-Cl-Q,trifluoroborate,P(Cy)3,NaHCO3,DMF,16.9563
6-Cl-Q|trifluoroborate|P(Cy)3|NaHCO3|MeCN,6-Cl-Q,trifluoroborate,P(Cy)3,NaHCO3,MeCN,16.1768
6-Cl-Q|trifluoroborate|P(Cy)3|NaHCO3|MeOH,6-Cl-Q,trifluoroborate,P(Cy)3,NaHCO3,MeOH,19.1024
6-Cl-Q|trifluoroborate|P(Cy)3|NaHCO3|THF,6-Cl-Q,trifluoroborate,P(Cy)3,NaHCO3,THF,20.8214
6-Cl-Q|trifluoroborate|P(Cy)3|NaOH|DMF,6-Cl-Q,trifluoroborate,P(Cy)3,NaOH,DMF,18.4739
6-Cl-Q|trifluoroborate|P(Cy)3|NaOH|MeCN,6-Cl-Q,trifluoroborate,P(Cy)3,NaOH,MeCN,20.3281
6-Cl-Q|trifluoroborate|P(Cy)3|NaOH|MeOH,6-Cl-Q,trifluoroborate,P(Cy)3,NaOH,MeOH,19.9064
6-Cl-Q|trifluoroborate|P(Cy)3|NaOH|THF,6-Cl-Q,trifluoroborate,P(Cy)3,NaOH,THF,23.9545
6-Cl-Q|trifluoroborate|P(Cy)3|None|DMF,6-Cl-Q,trifluoroborate,P(Cy)3,None,DMF,18.4754
6-Cl-Q|trifluoroborate|P(Cy)3|None|MeCN,6-Cl-Q,trifluoroborate,P(Cy)3,None,MeCN,17.2663
6-Cl-Q|trifluoroborate|P(Cy)3|None|MeOH,6-Cl-Q,trifluoroborate,P(Cy)3,None,MeOH,15.9023
6-Cl-Q|trifluoroborate|P(Cy)3|None|THF,6-Cl-Q,trifluoroborate,P(Cy)3,None,THF,18.7171
6-Cl-Q|trifluoroborate|P(Ph)3|CsF|DMF,6-Cl-Q,trifluoroborate,P(Ph)3,CsF,DMF,24.4837
6-Cl-Q|trifluoroborate|P(Ph)3|CsF|MeCN,6-Cl-Q,trifluoroborate,P(Ph)3,CsF,MeCN,16.7903
6-Cl-Q|trifluoroborate|P(Ph)3|CsF|MeOH,6-Cl-Q,trifluoroborate,P(Ph)3,CsF,MeOH,22.306
6-Cl-Q|trifluoroborate|P(Ph)3|CsF|THF,6-Cl-Q,trifluoroborate,P(Ph)3,CsF,THF,24.545
6-Cl-Q|trifluoroborate|P(Ph)3|Et3N|DMF,6-Cl-Q,trifluoroborate,P(Ph)3,Et3N,DMF,18.6323
6-Cl-Q|trifluoroborate|P(Ph)3|Et3N|MeCN,6-Cl-Q,trifluoroborate,P(Ph)3,Et3N,MeCN,14.6097
6-Cl-Q|trifluoroborate|P(Ph)3|Et3N|MeOH,6-Cl-Q,trifluoroborate,P(Ph)3,Et3N,MeOH,38.7942
6-Cl-Q|trifluoroborate|P(Ph)3|Et3N|THF,6-Cl-Q,trifluoroborate,P(Ph)3,Et3N,THF,17.0972
6-Cl-Q|trifluoroborate|P(Ph)3|K3PO4|DMF,6-Cl-Q,trifluoroborate,P(Ph)3,K3PO4,DMF,18.5757
6-Cl-Q|trifluoroborate|P(Ph)3|K3PO4|MeCN,6-Cl-Q,trifluoroborate,P(Ph)3,K3PO4,MeCN,16.4678
6-Cl-Q|trifluoroborate|P(Ph)3|K3PO4|MeOH,6-Cl-Q,trifluoroborate,P(Ph)3,K3PO4,MeOH,19.2847
6-Cl-Q|trifluoroborate|P(Ph)3|K3PO4|THF,6-Cl-Q,trifluoroborate,P(Ph)3,K3PO4,THF,25.4907
6-Cl-Q|trifluoroborate|P(Ph)3|KOH|DMF,6-Cl-Q,trifluoroborate,P(Ph)3,KOH,DMF,18.8679
6-Cl-Q|trifluoroborate|P(Ph)3|KOH|MeCN,6-Cl-Q,trifluoroborate,P(Ph)3,KOH,MeCN,17.0735
6-Cl-Q|trifluoroborate|P(Ph)3|KOH|MeOH,6-Cl-Q,trifluoroborate,P(Ph)3,KOH,MeOH,21.9469
6-Cl-Q|trifluoroborate|P(Ph)3|KOH|THF,6-Cl-Q,trifluoroborate,P(Ph)3,KOH,THF,20.7251
6-Cl-Q|trifluoroborate|P(Ph)3|LiOtBu|DMF,6-Cl-Q,trifluoroborate,P(Ph)3,LiOtBu,DMF,18.5647
6-Cl-Q|trifluoroborate|P(Ph)3|LiOtBu|MeCN,6-Cl-Q,trifluoroborate,P(Ph)3,LiOtBu,MeCN,15.0097
6-Cl-Q|trifluoroborate|P(Ph)3|LiOtBu|MeOH,6-Cl-Q,trifluoroborate,P(Ph)3,LiOtBu,MeOH,17.6311
6-Cl-Q|trifluoroborate|P(Ph)3|LiOtBu|THF,6-Cl-Q,trifluoroborate,P(Ph)3,LiOtBu,THF,17.5723
6-Cl-Q|trifluoroborate|P(Ph)3|NaHCO3|DMF,6-Cl-Q,trifluoroborate,P(Ph)3,NaHCO3,DMF,20.3544
6-Cl-Q|trifluoroborate|P(Ph)3|NaHCO3|MeCN,6-Cl-Q,trifluoroborate,P(Ph)3,NaHCO3,MeCN,18.4437
6-Cl-Q|trifluoroborate|P(Ph)3|NaHCO3|MeOH,6-Cl-Q,trifluoroborate,P(Ph)3,NaHCO3,MeOH,21.3038
6-Cl-Q|trifluoroborate|P(Ph)3|NaHCO3|THF,6-Cl-Q,trifluoroborate,P(Ph)3,NaHCO3,THF,21.3053
6-Cl-Q|trifluoroborate|P(Ph)3|NaOH|DMF,6-Cl-Q,trifluoroborate,P(Ph)3,NaOH,DMF,22.6611
6-Cl-Q|trifluoroborate|P(Ph)3|NaOH|MeCN,6-Cl-Q,trifluoroborate,P(Ph)3,NaOH,MeCN,18.3672
6-Cl-Q|trifluoroborate|P(Ph)3|NaOH|MeOH,6-Cl-Q,trifluoroborate,P(Ph)3,NaOH,MeOH,18.7162
6-Cl-Q|trifluoroborate|P(Ph)3|NaOH|THF,6-Cl-Q,trifluoroborate,P(Ph)3,NaOH,THF,24.2548
6-Cl-Q|trifluoroborate|P(Ph)3|None|DMF,6-Cl-Q,trifluoroborate,P(Ph)3,None,DMF,18.378
6-Cl-Q|trifluoroborate|P(Ph)3|None|MeCN,6-Cl-Q,trifluoroborate,P(Ph)3,None,MeCN,19.5767
6-Cl-Q|trifluoroborate|P(Ph)3|None|MeOH,6-Cl-Q,trifluoroborate,P(Ph)3,None,MeOH,19.7519
6-Cl-Q|trifluoroborate|P(Ph)3|None|THF,6-Cl-Q,trifluoroborate,P(Ph)3,None,THF,23.923
6-Cl-Q|trifluoroborate|P(o-Tol)3|CsF|DMF,6-Cl-Q,trifluoroborate,P(o-Tol)3,CsF,DMF,17.5611
6-Cl-Q|trifluoroborate|P(o-Tol)3|CsF|MeCN,6-Cl-Q,trifluoroborate,P(o-Tol)3,CsF,MeCN,14.6634
6-Cl-Q|trifluoroborate|P(o-Tol)3|CsF|MeOH,6-Cl-Q,trifluoroborate,P(o-Tol)3,CsF,MeOH,17.7675
6-Cl-Q|trifluoroborate|P(o-Tol)3|CsF|THF,6-Cl-Q,trifluoroborate,P(o-Tol)3,CsF,THF,16.9899
6-Cl-Q|trifluoroborate|P(o-Tol)3|Et3N|DMF,6-Cl-Q,trifluoroborate,P(o-Tol)3,Et3N,DMF,20.3272
6-Cl-Q|trifluoroborate|P(o-Tol)3|Et3N|MeCN,6-Cl-Q,trifluoroborate,P(o-Tol)3,Et3N,MeCN,13.5276
6-Cl-Q|trifluoroborate|P(o-Tol)3|Et3N|MeOH,6-Cl-Q,trifluoroborate,P(o-Tol)3,Et3N,MeOH,18.2739
6-Cl-Q|trifluoroborate|P(o-Tol)3|Et3N|THF,6-Cl-Q,trifluoroborate,P(o-Tol)3,Et3N,THF,15.1248
6-Cl-Q|trifluoroborate|P(o-Tol)3|K3PO4|DMF,6-Cl-Q,trifluoroborate,P(o-Tol)3,K3PO4,DMF,24.1886
6-Cl-Q|trifluoroborate|P(o-Tol)3|K3PO4|MeCN,6-Cl-Q,trifluoroborate,P(o-Tol)3,K3PO4,MeCN,14.4973
6-Cl-Q|trifluoroborate|P(o-Tol)3|K3PO4|MeOH,6-Cl-Q,trifluoroborate,P(o-Tol)3,K3PO4,MeOH,17.8313
6-Cl-Q|trifluoroborate|P(o-Tol)3|K3PO4|THF,6-Cl-Q,trifluoroborate,P(o-Tol)3,K3PO4,THF,20.0179
6-Cl-Q|trifluoroborate|P(o-Tol)3|KOH|DMF,6-Cl-Q,trifluoroborate,P(o-Tol)3,KOH,DMF,14.8723
6-Cl-Q|trifluoroborate|P(o-Tol)3|KOH|MeCN,6-Cl-Q,trifluoroborate,P(o-Tol)3,KOH,MeCN,18.4618
6-Cl-Q|trifluoroborate|P(o-Tol)3|KOH|MeOH,6-Cl-Q,trifluoroborate,P(o-Tol)3,KOH,MeOH,17.5994
6-Cl-Q|trifluoroborate|P(o-Tol)3|KOH|THF,6-Cl-Q,trifluoroborate,P(o-Tol)3,KOH,THF,16.3204
6-Cl-Q|trifluoroborate|P(o-Tol)3|LiOtBu|DMF,6-Cl-Q,trifluoroborate,P(o-Tol)3,LiOtBu,DMF,16.2119
6-Cl-Q|trifluoroborate|P(o-Tol)3|LiOtBu|MeCN,6-Cl-Q,trifluoroborate,P(o-Tol)3,LiOtBu,MeCN,14.9958
6-Cl-Q|trifluoroborate|P(o-Tol)3|LiOtBu|MeOH,6-Cl-Q,trifluoroborate,P(o-Tol)3,LiOtBu,MeOH,15.1627
6-Cl-Q|trifluoroborate|P(o-Tol)3|LiOtBu|THF,6-Cl-Q,trifluoroborate,P(o-Tol)3,LiOtBu,THF,18.2452
6-Cl-Q|trifluoroborate|P(o-Tol)3|NaHCO3|DMF,6-Cl-Q,trifluoroborate,P(o-Tol)3,NaHCO3,DMF,15.5781
6-Cl-Q|trifluoroborate|P(o-Tol)3|NaHCO3|MeCN,6-Cl-Q,trifluoroborate,P(o-Tol)3,NaHCO3,MeCN,16.9054
6-Cl-Q|trifluoroborate|P(o-Tol)3|NaHCO3|MeOH,6-Cl-Q,trifluoroborate,P(o-Tol)3,NaHCO3,MeOH,14.9752
6-Cl-Q|trifluoroborate|P(o-Tol)3|NaHCO3|THF,6-Cl-Q,trifluoroborate,P(o-Tol)3,NaHCO3,THF,17.0694
6-Cl-Q|trifluoroborate|P(o-Tol)3|NaOH|DMF,6-Cl-Q,trifluoroborate,P(o-Tol)3,NaOH,DMF,15.0533
6-Cl-Q|trifluoroborate|P(o-Tol)3|NaOH|MeCN,6-Cl-Q,trifluoroborate,P(o-Tol)3,NaOH,MeCN,15.5215
6-Cl-Q|trifluoroborate|P(o-Tol)3|NaOH|MeOH,6-Cl-Q,trifluoroborate,P(o-Tol)3,NaOH,MeOH,18.3009
6-Cl-Q|trifluoroborate|P(o-Tol)3|NaOH|THF,6-Cl-Q,trifluoroborate,P(o-Tol)3,NaOH,THF,17.4616
6-Cl-Q|trifluoroborate|P(o-Tol)3|None|DMF,6-Cl-Q,trifluoroborate,P(o-Tol)3,None,DMF,14.4764
6-Cl-Q|trifluoroborate|P(o-Tol)3|None|MeCN,6-Cl-Q,trifluoroborate,P(o-Tol)3,None,MeCN,18.4619
6-Cl-Q|trifluoroborate|P(o-Tol)3|None|MeOH,6-Cl-Q,trifluoroborate,P(o-Tol)3,None,MeOH,16.4202
6-Cl-Q|trifluoroborate|P(o-Tol)3|None|THF,6-Cl-Q,trifluoroborate,P(o-Tol)3,None,THF,17.5939
6-Cl-Q|trifluoroborate|P(tBu)3|CsF|DMF,6-Cl-Q,trifluoroborate,P(tBu)3,CsF,DMF,16.3771
6-Cl-Q|trifluoroborate|P(tBu)3|CsF|MeCN,6-Cl-Q,trifluoroborate,P(tBu)3,CsF,MeCN,14.6828
6-Cl-Q|trifluoroborate|P(tBu)3|CsF|MeOH,6-Cl-Q,trifluoroborate,P(tBu)3,CsF,MeOH,21.1175
6-Cl-Q|trifluoroborate|P(tBu)3|CsF|THF,6-Cl-Q,trifluoroborate,P(tBu)3,CsF,THF,17.88
6-Cl-Q|trifluoroborate|P(tBu)3|Et3N|DMF,6-Cl-Q,trifluoroborate,P(tBu)3,Et3N,DMF,17.9695
6-Cl-Q|trifluoroborate|P(tBu)3|Et3N|MeCN,6-Cl-Q,trifluoroborate,P(tBu)3,Et3N,MeCN,12.9163
6-Cl-Q|trifluoroborate|P(tBu)3|Et3N|MeOH,6-Cl-Q,trifluoroborate,P(tBu)3,Et3N,MeOH,18.9654
6-Cl-Q|trifluoroborate|P(tBu)3|Et3N|THF,6-Cl-Q,trifluoroborate,P(tBu)3,Et3N,THF,13.1051
6-Cl-Q|trifluoroborate|P(tBu)3|K3PO4|DMF,6-Cl-Q,trifluoroborate,P(tBu)3,K3PO4,DMF,16.5887
6-Cl-Q|trifluoroborate|P(tBu)3|K3PO4|MeCN,6-Cl-Q,trifluoroborate,P(tBu)3,K3PO4,MeCN,13.7539
6-Cl-Q|trifluoroborate|P(tBu)3|K3PO4|MeOH,6-Cl-Q,trifluoroborate,P(tBu)3,K3PO4,MeOH,19.8191
6-Cl-Q|trifluoroborate|P(tBu)3|K3PO4|THF,6-Cl-Q,trifluoroborate,P(tBu)3,K3PO4,THF,18.1844
6-Cl-Q|trifluoroborate|P(tBu)3|KOH|DMF,6-Cl-Q,trifluoroborate,P(tBu)3,KOH,DMF,15.7796
6-Cl-Q|trifluoroborate|P(tBu)3|KOH|MeCN,6-Cl-Q,trifluoroborate,P(tBu)3,KOH,MeCN,19.0166
6-Cl-Q|trifluoroborate|P(tBu)3|KOH|MeOH,6-Cl-Q,trifluoroborate,P(tBu)3,KOH,MeOH,22.0988
6-Cl-Q|trifluoroborate|P(tBu)3|KOH|THF,6-Cl-Q,trifluoroborate,P(tBu)3,KOH,THF,15.3731
6-Cl-Q|trifluoroborate|P(tBu)3|LiOtBu|DMF,6-Cl-Q,trifluoroborate,P(tBu)3,LiOtBu,DMF,16.4382
6-Cl-Q|trifluoroborate|P(tBu)3|LiOtBu|MeCN,6-Cl-Q,trifluoroborate,P(tBu)3,LiOtBu,MeCN,15.7723
6-Cl-Q|trifluoroborate|P(tBu)3|LiOtBu|MeOH,6-Cl-Q,trifluoroborate,P(tBu)3,LiOtBu,MeOH,21.3525
6-Cl-Q|trifluoroborate|P(tBu)3|LiOtBu|THF,6-Cl-Q,trifluoroborate,P(tBu)3,LiOtBu,THF,14.7306
6-Cl-Q|trifluoroborate|P(tBu)3|NaHCO3|DMF,6-Cl-Q,trifluoroborate,P(tBu)3,NaHCO3,DMF,16.1828
6-Cl-Q|trifluoroborate|P(tBu)3|NaHCO3|MeCN,6-Cl-Q,trifluoroborate,P(tBu)3,NaHCO3,MeCN,13.075
6-Cl-Q|trifluoroborate|P(tBu)3|NaHCO3|MeOH,6-Cl-Q,trifluoroborate,P(tBu)3,NaHCO3,MeOH,23.2332
6-Cl-Q|trifluoroborate|P(tBu)3|NaHCO3|THF,6-Cl-Q,trifluoroborate,P(tBu)3,NaHCO3,THF,15.382
6-Cl-Q|trifluoroborate|P(tBu)3|NaOH|DMF,6-Cl-Q,trifluoroborate,P(tBu)3,NaOH,DMF,15.7203
6-Cl-Q|trifluoroborate|P(tBu)3|NaOH|MeCN,6-Cl-Q,trifluoroborate,P(tBu)3,NaOH,MeCN,16.1749
6-Cl-Q|trifluoroborate|P(tBu)3|NaOH|MeOH,6-Cl-Q,trifluoroborate,P(tBu)3,NaOH,MeOH,24.9346
6-Cl-Q|trifluoroborate|P(tBu)3|NaOH|THF,6-Cl-Q,trifluoroborate,P(tBu)3,NaOH,THF,13.2353
6-Cl-Q|trifluoroborate|P(tBu)3|None|DMF,6-Cl-Q,trifluoroborate,P(tBu)3,None,DMF,16.0726
6-Cl-Q|trifluoroborate|P(tBu)3|None|MeCN,6-Cl-Q,trifluoroborate,P(tBu)3,None,MeCN,16.5626
6-Cl-Q|trifluoroborate|P(tBu)3|None|MeOH,6-Cl-Q,trifluoroborate,P(tBu)3,None,MeOH,20.8148
6-Cl-Q|trifluoroborate|P(tBu)3|None|THF,6-Cl-Q,trifluoroborate,P(tBu)3,None,THF,15.0003
6-Cl-Q|trifluoroborate|SPhos|CsF|DMF,6-Cl-Q,trifluoroborate,SPhos,CsF,DMF,20.9124
6-Cl-Q|trifluoroborate|SPhos|CsF|MeCN,6-Cl-Q,trifluoroborate,SPhos,CsF,MeCN,14.7761
6-Cl-Q|trifluoroborate|SPhos|CsF|MeOH,6-Cl-Q,trifluoroborate,SPhos,CsF,MeOH,19.9335
6-Cl-Q|trifluoroborate|SPhos|CsF|THF,6-Cl-Q,trifluoroborate,SPhos,CsF,THF,19.811
6-Cl-Q|trifluoroborate|SPhos|Et3N|DMF,6-Cl-Q,trifluoroborate,SPhos,Et3N,DMF,20.5496
6-Cl-Q|trifluoroborate|SPhos|Et3N|MeCN,6-Cl-Q,trifluoroborate,SPhos,Et3N,MeCN,12.6787
6-Cl-Q|trifluoroborate|SPhos|Et3N|MeOH,6-Cl-Q,trifluoroborate,SPhos,Et3N,MeOH,21.0556
6-Cl-Q|trifluoroborate|SPhos|Et3N|THF,6-Cl-Q,trifluoroborate,SPhos,Et3N,THF,15.9071
6-Cl-Q|trifluoroborate|SPhos|K3PO4|DMF,6-Cl-Q,trifluoroborate,SPhos,K3PO4,DMF,19.5855
6-Cl-Q|trifluoroborate|SPhos|K3PO4|MeCN,6-Cl-Q,trifluoroborate,SPhos,K3PO4,MeCN,15.6359
6-Cl-Q|trifluoroborate|SPhos|K3PO4|MeOH,6-Cl-Q,trifluoroborate,SPhos,K3PO4,MeOH,48.6564
6-Cl-Q|trifluoroborate|SPhos|K3PO4|THF,6-Cl-Q,trifluoroborate,SPhos,K3PO4,THF,23.943
6-Cl-Q|trifluoroborate|SPhos|KOH|DMF,6-Cl-Q,trifluoroborate,SPhos,KOH,DMF,15.2717
6-Cl-Q|trifluoroborate|SPhos|KOH|MeCN,6-Cl-Q,trifluoroborate,SPhos,KOH,MeCN,17.8415
6-Cl-Q|trifluoroborate|SPhos|KOH|MeOH,6-Cl-Q,trifluoroborate,SPhos,KOH,MeOH,41.1947
6-Cl-Q|trifluoroborate|SPhos|KOH|THF,6-Cl-Q,trifluoroborate,SPhos,KOH,THF,15.1333
6-Cl-Q|trifluoroborate|SPhos|LiOtBu|DMF,6-Cl-Q,trifluoroborate,SPhos,LiOtBu,DMF,16.3932
6-Cl-Q|trifluoroborate|SPhos|LiOtBu|MeCN,6-Cl-Q,trifluoroborate,SPhos,LiOtBu,MeCN,15.8497
6-Cl-Q|trifluoroborate|SPhos|LiOtBu|MeOH,6-Cl-Q,trifluoroborate,SPhos,LiOtBu,MeOH,41.9671
6-Cl-Q|trifluoroborate|SPhos|LiOtBu|THF,6-Cl-Q,trifluoroborate,SPhos,LiOtBu,THF,15.9298
6-Cl-Q|trifluoroborate|SPhos|NaHCO3|DMF,6-Cl-Q,trifluoroborate,SPhos,NaHCO3,DMF,17.134
6-Cl-Q|trifluoroborate|SPhos|NaHCO3|MeCN,6-Cl-Q,trifluoroborate,SPhos,NaHCO3,MeCN,16.0778
6-Cl-Q|trifluoroborate|SPhos|NaHCO3|MeOH,6-Cl-Q,trifluoroborate,SPhos,NaHCO3,MeOH,34.8546
6-Cl-Q|trifluoroborate|SPhos|NaHCO3|THF,6-Cl-Q,trifluoroborate,SPhos,NaHCO3,THF,15.8215
6-Cl-Q|trifluoroborate|SPhos|NaOH|DMF,6-Cl-Q,trifluoroborate,SPhos,NaOH,DMF,17.2603
6-Cl-Q|trifluoroborate|SPhos|NaOH|MeCN,6-Cl-Q,trifluoroborate,SPhos,NaOH,MeCN,17.5964
6-Cl-Q|trifluoroborate|SPhos|NaOH|MeOH,6-Cl-Q,trifluoroborate,SPhos,NaOH,MeOH,49.9947
6-Cl-Q|trifluoroborate|SPhos|NaOH|THF,6-Cl-Q,trifluoroborate,SPhos,NaOH,THF,17.3929
6-Cl-Q|trifluoroborate|SPhos|None|DMF,6-Cl-Q,trifluoroborate,SPhos,None,DMF,15.3455
6-Cl-Q|trifluoroborate|SPhos|None|MeCN,6-Cl-Q,trifluoroborate,SPhos,None,MeCN,16.0885
6-Cl-Q|trifluoroborate|SPhos|None|MeOH,6-Cl-Q,trifluoroborate,SPhos,None,MeOH,20.727
6-Cl-Q|trifluoroborate|SPhos|None|THF,6-Cl-Q,trifluoroborate,SPhos,None,THF,17.76
6-Cl-Q|trifluoroborate|XPhos|CsF|DMF,6-Cl-Q,trifluoroborate,XPhos,CsF,DMF,20.8274
6-Cl-Q|trifluoroborate|XPhos|CsF|MeCN,6-Cl-Q,trifluoroborate,XPhos,CsF,MeCN,15.6182
6-Cl-Q|trifluoroborate|XPhos|CsF|MeOH,6-Cl-Q,trifluoroborate,XPhos,CsF,MeOH,29.0329
6-Cl-Q|trifluoroborate|XPhos|CsF|THF,6-Cl-Q,trifluoroborate,XPhos,CsF,THF,23.5535
6-Cl-Q|trifluoroborate|XPhos|Et3N|DMF,6-Cl-Q,trifluoroborate,XPhos,Et3N,DMF,21.7356
6-Cl-Q|trifluoroborate|XPhos|Et3N|MeCN,6-Cl-Q,trifluoroborate,XPhos,Et3N,MeCN,14.3074
6-Cl-Q|trifluoroborate|XPhos|Et3N|MeOH,6-Cl-Q,trifluoroborate,XPhos,Et3N,MeOH,23.149
6-Cl-Q|trifluoroborate|XPhos|Et3N|THF,6-Cl-Q,trifluoroborate,XPhos,Et3N,THF,18.716
6-Cl-Q|trifluoroborate|XPhos|K3PO4|DMF,6-Cl-Q,trifluoroborate,XPhos,K3PO4,DMF,17.9643
6-Cl-Q|trifluoroborate|XPhos|K3PO4|MeCN,6-Cl-Q,trifluoroborate,XPhos,K3PO4,MeCN,16.1674
6-Cl-Q|trifluoroborate|XPhos|K3PO4|MeOH,6-Cl-Q,trifluoroborate,XPhos,K3PO4,MeOH,43.4465
6-Cl-Q|trifluoroborate|XPhos|K3PO4|THF,6-Cl-Q,trifluoroborate,XPhos,K3PO4,THF,23.2151
6-Cl-Q|trifluoroborate|XPhos|KOH|DMF,6-Cl-Q,trifluoroborate,XPhos,KOH,DMF,17.072
6-Cl-Q|trifluoroborate|XPhos|KOH|MeCN,6-Cl-Q,trifluoroborate,XPhos,KOH,MeCN,16.161
6-Cl-Q|trifluoroborate|XPhos|KOH|MeOH,6-Cl-Q,trifluoroborate,XPhos,KOH,MeOH,47.007
6-Cl-Q|trifluoroborate|XPhos|KOH|THF,6-Cl-Q,trifluoroborate,XPhos,KOH,THF,17.4028
6-Cl-Q|trifluoroborate|XPhos|LiOtBu|DMF,6-Cl-Q,trifluoroborate,XPhos,LiOtBu,DMF,16.0148
6-Cl-Q|trifluoroborate|XPhos|LiOtBu|MeCN,6-Cl-Q,trifluoroborate,XPhos,LiOtBu,MeCN,14.1901
6-Cl-Q|trifluoroborate|XPhos|LiOtBu|MeOH,6-Cl-Q,trifluoroborate,XPhos,LiOtBu,MeOH,59.0774
6-Cl-Q|trifluoroborate|XPhos|LiOtBu|THF,6-Cl-Q,trifluoroborate,XPhos,LiOtBu,THF,15.941
6-Cl-Q|trifluoroborate|XPhos|NaHCO3|DMF,6-Cl-Q,trifluoroborate,XPhos,NaHCO3,DMF,17.2116
6-Cl-Q|trifluoroborate|XPhos|NaHCO3|MeCN,6-Cl-Q,trifluoroborate,XPhos,NaHCO3,MeCN,17.586
6-Cl-Q|trifluoroborate|XPhos|NaHCO3|MeOH,6-Cl-Q,trifluoroborate,XPhos,NaHCO3,MeOH,38.1388
6-Cl-Q|trifluoroborate|XPhos|NaHCO3|THF,6-Cl-Q,trifluoroborate,XPhos,NaHCO3,THF,17.5628
6-Cl-Q|trifluoroborate|XPhos|NaOH|DMF,6-Cl-Q,trifluoroborate,XPhos,NaOH,DMF,16.9368
6-Cl-Q|trifluoroborate|XPhos|NaOH|MeCN,6-Cl-Q,trifluoroborate,XPhos,NaOH,MeCN,16.8227
6-Cl-Q|trifluoroborate|XPhos|NaOH|MeOH,6-Cl-Q,trifluoroborate,XPhos,NaOH,MeOH,48.2737
6-Cl-Q|trifluoroborate|XPhos|NaOH|THF,6-Cl-Q,trifluoroborate,XPhos,NaOH,THF,15.9011
6-Cl-Q|trifluoroborate|XPhos|None|DMF,6-Cl-Q,trifluoroborate,XPhos,None,DMF,19.2002
6-Cl-Q|trifluoroborate|XPhos|None|MeCN,6-Cl-Q,trifluoroborate,XPhos,None,MeCN,17.2545
6-Cl-Q|trifluoroborate|XPhos|None|MeOH,6-Cl-Q,trifluoroborate,XPhos,None,MeOH,22.672
6-Cl-Q|trifluoroborate|XPhos|None|THF,6-Cl-Q,trifluoroborate,XPhos,None,THF,20.2769
6-Cl-Q|trifluoroborate|Xantphos|CsF|DMF,6-Cl-Q,trifluoroborate,Xantphos,CsF,DMF,18.0896
6-Cl-Q|trifluoroborate|Xantphos|CsF|MeCN,6-Cl-Q,trifluoroborate,Xantphos,CsF,MeCN,15.8921
6-Cl-Q|trifluoroborate|Xantphos|CsF|MeOH,6-Cl-Q,trifluoroborate,Xantphos,CsF,MeOH,19.4449
6-Cl-Q|trifluoroborate|Xantphos|CsF|THF,6-Cl-Q,trifluoroborate,Xantphos,CsF,THF,19.6308
6-Cl-Q|trifluoroborate|Xantphos|Et3N|DMF,6-Cl-Q,trifluoroborate,Xantphos,Et3N,DMF,18.23
6-Cl-Q|trifluoroborate|Xantphos|Et3N|MeCN,6-Cl-Q,trifluoroborate,Xantphos,Et3N,MeCN,17.7692
6-Cl-Q|trifluoroborate|Xantphos|Et3N|MeOH,6-Cl-Q,trifluoroborate,Xantphos,Et3N,MeOH,17.1217
6-Cl-Q|trifluoroborate|Xantphos|Et3N|THF,6-Cl-Q,trifluoroborate,Xantphos,Et3N,THF,16.8181
6-Cl-Q|trifluoroborate|Xantphos|K3PO4|DMF,6-Cl-Q,trifluoroborate,Xantphos,K3PO4,DMF,16.503
6-Cl-Q|trifluoroborate|Xantphos|K3PO4|MeCN,6-Cl-Q,trifluoroborate,Xantphos,K3PO4,MeCN,17.7221
6-Cl-Q|trifluoroborate|Xantphos|K3PO4|MeOH,6-Cl-Q,trifluoroborate,Xantphos,K3PO4,MeOH,18.5087
6-Cl-Q|trifluoroborate|Xantphos|K3PO4|THF,6-Cl-Q,trifluoroborate,Xantphos,K3PO4,THF,20.0667
6-Cl-Q|trifluoroborate|Xantphos|KOH|DMF,6-Cl-Q,trifluoroborate,Xantphos,KOH,DMF,18.2588
6-Cl-Q|trifluoroborate|Xantphos|KOH|MeCN,6-Cl-Q,trifluoroborate,Xantphos,KOH,MeCN,18.9777
6-Cl-Q|trifluoroborate|Xantphos|KOH|MeOH,6-Cl-Q,trifluoroborate,Xantphos,KOH,MeOH,18.756
6-Cl-Q|trifluoroborate|Xantphos|KOH|THF,6-Cl-Q,trifluoroborate,Xantphos,KOH,THF,18.826
6-Cl-Q|trifluoroborate|Xantphos|LiOtBu|DMF,6-Cl-Q,trifluoroborate,Xantphos,LiOtBu,DMF,17.9576
6-Cl-Q|trifluoroborate|Xantphos|LiOtBu|MeCN,6-Cl-Q,trifluoroborate,Xantphos,LiOtBu,MeCN,18.6592
6-Cl-Q|trifluoroborate|Xantphos|LiOtBu|MeOH,6-Cl-Q,trifluoroborate,Xantphos,LiOtBu,MeOH,17.4301
6-Cl-Q|trifluoroborate|Xantphos|LiOtBu|THF,6-Cl-Q,trifluoroborate,Xantphos,LiOtBu,THF,15.5678
6-Cl-Q|trifluoroborate|Xantphos|NaHCO3|DMF,6-Cl-Q,trifluoroborate,Xantphos,NaHCO3,DMF,21.1343
6-Cl-Q|trifluoroborate|Xantphos|NaHCO3|MeCN,6-Cl-Q,trifluoroborate,Xantphos,NaHCO3,MeCN,19.8034
6-Cl-Q|trifluoroborate|Xantphos|NaHCO3|MeOH,6-Cl-Q,trifluoroborate,Xantphos,NaHCO3,MeOH,19.0397
6-Cl-Q|trifluoroborate|Xantphos|NaHCO3|THF,6-Cl-Q,trifluoroborate,Xantphos,NaHCO3,THF,15.7894
6-Cl-Q|trifluoroborate|Xantphos|NaOH|DMF,6-Cl-Q,trifluoroborate,Xantphos,NaOH,DMF,18.0472
6-Cl-Q|trifluoroborate|Xantphos|NaOH|MeCN,6-Cl-Q,trifluoroborate,Xantphos,NaOH,MeCN,16.8696
6-Cl-Q|trifluoroborate|Xantphos|NaOH|MeOH,6-Cl-Q,trifluoroborate,Xantphos,NaOH,MeOH,21.6765
6-Cl-Q|trifluoroborate|Xantphos|NaOH|THF,6-Cl-Q,trifluoroborate,Xantphos,NaOH,THF,20.7909
6-Cl-Q|trifluoroborate|Xantphos|None|DMF,6-Cl-Q,trifluoroborate,Xantphos,None,DMF,16.9129
6-Cl-Q|trifluoroborate|Xantphos|None|MeCN,6-Cl-Q,trifluoroborate,Xantphos,None,MeCN,19.5241
6-Cl-Q|trifluoroborate|Xantphos|None|MeOH,6-Cl-Q,trifluoroborate,Xantphos,None,MeOH,19.9885
6-Cl-Q|trifluoroborate|Xantphos|None|THF,6-Cl-Q,trifluoroborate,Xantphos,None,THF,18.6886
6-Cl-Q|trifluoroborate|dppf|CsF|DMF,6-Cl-Q,trifluoroborate,dppf,CsF,DMF,35.2314
6-Cl-Q|trifluoroborate|dppf|CsF|MeCN,6-Cl-Q,trifluoroborate,dppf,CsF,MeCN,26.9658
6-Cl-Q|trifluoroborate|dppf|CsF|MeOH,6-Cl-Q,trifluoroborate,dppf,CsF,MeOH,26.5033
6-Cl-Q|trifluoroborate|dppf|CsF|THF,6-Cl-Q,trifluoroborate,dppf,CsF,THF,29.9413
6-Cl-Q|trifluoroborate|dppf|Et3N|DMF,6-Cl-Q,trifluoroborate,dppf,Et3N,DMF,34.0078
6-Cl-Q|trifluoroborate|dppf|Et3N|MeCN,6-Cl-Q,trifluoroborate,dppf,Et3N,MeCN,23.5743
6-Cl-Q|trifluoroborate|dppf|Et3N|MeOH,6-Cl-Q,trifluoroborate,dppf,Et3N,MeOH,22.271
6-Cl-Q|trifluoroborate|dppf|Et3N|THF,6-Cl-Q,trifluoroborate,dppf,Et3N,THF,26.719
6-Cl-Q|trifluoroborate|dppf|K3PO4|DMF,6-Cl-Q,trifluoroborate,dppf,K3PO4,DMF,24.196
6-Cl-Q|trifluoroborate|dppf|K3PO4|MeCN,6-Cl-Q,trifluoroborate,dppf,K3PO4,MeCN,24.5769
6-Cl-Q|trifluoroborate|dppf|K3PO4|MeOH,6-Cl-Q,trifluoroborate,dppf,K3PO4,MeOH,24.6371
6-Cl-Q|trifluoroborate|dppf|K3PO4|THF,6-Cl-Q,trifluoroborate,dppf,K3PO4,THF,31.0066
6-Cl-Q|trifluoroborate|dppf|KOH|DMF,6-Cl-Q,trifluoroborate,dppf,KOH,DMF,21.1872
6-Cl-Q|trifluoroborate|dppf|KOH|MeCN,6-Cl-Q,trifluoroborate,dppf,KOH,MeCN,23.8459
6-Cl-Q|trifluoroborate|dppf|KOH|MeOH,6-Cl-Q,trifluoroborate,dppf,KOH,MeOH,24.7145
6-Cl-Q|trifluoroborate|dppf|KOH|THF,6-Cl-Q,trifluoroborate,dppf,KOH,THF,24.496
6-Cl-Q|trifluoroborate|dppf|LiOtBu|DMF,6-Cl-Q,trifluoroborate,dppf,LiOtBu,DMF,20.5204
6-Cl-Q|trifluoroborate|dppf|LiOtBu|MeCN,6-Cl-Q,trifluoroborate,dppf,LiOtBu,MeCN,22.2029
6-Cl-Q|trifluoroborate|dppf|LiOtBu|MeOH,6-Cl-Q,trifluoroborate,dppf,LiOtBu,MeOH,39.3377
6-Cl-Q|trifluoroborate|dppf|LiOtBu|THF,6-Cl-Q,trifluoroborate,dppf,LiOtBu,THF,19.7901
6-Cl-Q|trifluoroborate|dppf|NaHCO3|DMF,6-Cl-Q,trifluoroborate,dppf,NaHCO3,DMF,24.6332
6-Cl-Q|trifluoroborate|dppf|NaHCO3|MeCN,6-Cl-Q,trifluoroborate,dppf,NaHCO3,MeCN,26.1569
6-Cl-Q|trifluoroborate|dppf|NaHCO3|MeOH,6-Cl-Q,trifluoroborate,dppf,NaHCO3,MeOH,22.5469
6-Cl-Q|trifluoroborate|dppf|NaHCO3|THF,6-Cl-Q,trifluoroborate,dppf,NaHCO3,THF,23.1442
6-Cl-Q|trifluoroborate|dppf|NaOH|DMF,6-Cl-Q,trifluoroborate,dppf,NaOH,DMF,20.341
6-Cl-Q|trifluoroborate|dppf|NaOH|MeCN,6-Cl-Q,trifluoroborate,dppf,NaOH,MeCN,24.7912
6-Cl-Q|trifluoroborate|dppf|NaOH|MeOH,6-Cl-Q,trifluoroborate,dppf,NaOH,MeOH,24.6833
6-Cl-Q|trifluoroborate|dppf|NaOH|THF,6-Cl-Q,trifluoroborate,dppf,NaOH,THF,21.606
6-Cl-Q|trifluoroborate|dppf|None|DMF,6-Cl-Q,trifluoroborate,dppf,None,DMF,22.598
6-Cl-Q|trifluoroborate|dppf|None|MeCN,6-Cl-Q,trifluoroborate,dppf,None,MeCN,31.049
6-Cl-Q|trifluoroborate|dppf|None|MeOH,6-Cl-Q,trifluoroborate,dppf,None,MeOH,20.2803
6-Cl-Q|trifluoroborate|dppf|None|THF,6-Cl-Q,trifluoroborate,dppf,None,THF,33.4024
6-Cl-Q|trifluoroborate|dtbpf|CsF|DMF,6-Cl-Q,trifluoroborate,dtbpf,CsF,DMF,29.8371
6-Cl-Q|trifluoroborate|dtbpf|CsF|MeCN,6-Cl-Q,trifluoroborate,dtbpf,CsF,MeCN,16.1713
6-Cl-Q|trifluoroborate|dtbpf|CsF|MeOH,6-Cl-Q,trifluoroborate,dtbpf,CsF,MeOH,20.9536
6-Cl-Q|trifluoroborate|dtbpf|CsF|THF,6-Cl-Q,trifluoroborate,dtbpf,CsF,THF,25.3725
6-Cl-Q|trifluoroborate|dtbpf|Et3N|DMF,6-Cl-Q,trifluoroborate,dtbpf,Et3N,DMF,23.5224
6-Cl-Q|trifluoroborate|dtbpf|Et3N|MeCN,6-Cl-Q,trifluoroborate,dtbpf,Et3N,MeCN,17.2168
6-Cl-Q|trifluoroborate|dtbpf|Et3N|MeOH,6-Cl-Q,trifluoroborate,dtbpf,Et3N,MeOH,22.2129
6-Cl-Q|trifluoroborate|dtbpf|Et3N|THF,6-Cl-Q,trifluoroborate,dtbpf,Et3N,THF,22.1282
6-Cl-Q|trifluoroborate|dtbpf|K3PO4|DMF,6-Cl-Q,trifluoroborate,dtbpf,K3PO4,DMF,21.9352
6-Cl-Q|trifluoroborate|dtbpf|K3PO4|MeCN,6-Cl-Q,trifluoroborate,dtbpf,K3PO4,MeCN,18.5
6-Cl-Q|trifluoroborate|dtbpf|K3PO4|MeOH,6-Cl-Q,trifluoroborate,dtbpf,K3PO4,MeOH,21.3787
6-Cl-Q|trifluoroborate|dtbpf|K3PO4|THF,6-Cl-Q,trifluoroborate,dtbpf,K3PO4,THF,27.5675
6-Cl-Q|trifluoroborate|dtbpf|KOH|DMF,6-Cl-Q,trifluoroborate,dtbpf,KOH,DMF,21.872
6-Cl-Q|trifluoroborate|dtbpf|KOH|MeCN,6-Cl-Q,trifluoroborate,dtbpf,KOH,MeCN,21.0126
6-Cl-Q|trifluoroborate|dtbpf|KOH|MeOH,6-Cl-Q,trifluoroborate,dtbpf,KOH,MeOH,22.4795
6-Cl-Q|trifluoroborate|dtbpf|KOH|THF,6-Cl-Q,trifluoroborate,dtbpf,KOH,THF,21.6015
6-Cl-Q|trifluoroborate|dtbpf|LiOtBu|DMF,6-Cl-Q,trifluoroborate,dtbpf,LiOtBu,DMF,21.3679
6-Cl-Q|trifluoroborate|dtbpf|LiOtBu|MeCN,6-Cl-Q,trifluoroborate,dtbpf,LiOtBu,MeCN,19.1876
6-Cl-Q|trifluoroborate|dtbpf|LiOtBu|MeOH,6-Cl-Q,trifluoroborate,dtbpf,LiOtBu,MeOH,25.0037
6-Cl-Q|trifluoroborate|dtbpf|LiOtBu|THF,6-Cl-Q,trifluoroborate,dtbpf,LiOtBu,THF,19.7134
6-Cl-Q|trifluoroborate|dtbpf|NaHCO3|DMF,6-Cl-Q,trifluoroborate,dtbpf,NaHCO3,DMF,21.1268
6-Cl-Q|trifluoroborate|dtbpf|NaHCO3|MeCN,6-Cl-Q,trifluoroborate,dtbpf,NaHCO3,MeCN,20.2143
6-Cl-Q|trifluoroborate|dtbpf|NaHCO3|MeOH,6-Cl-Q,trifluoroborate,dtbpf,NaHCO3,MeOH,22.8828
6-Cl-Q|trifluoroborate|dtbpf|NaHCO3|THF,6-Cl-Q,trifluoroborate,dtbpf,NaHCO3,THF,23.6128
6-Cl-Q|trifluoroborate|dtbpf|NaOH|DMF,6-Cl-Q,trifluoroborate,dtbpf,NaOH,DMF,22.5012
6-Cl-Q|trifluoroborate|dtbpf|NaOH|MeCN,6-Cl-Q,trifluoroborate,dtbpf,NaOH,MeCN,17.0628
6-Cl-Q|trifluoroborate|dtbpf|NaOH|MeOH,6-Cl-Q,trifluoroborate,dtbpf,NaOH,MeOH,28.0684
6-Cl-Q|trifluoroborate|dtbpf|NaOH|THF,6-Cl-Q,trifluoroborate,dtbpf,NaOH,THF,22.196
6-Cl-Q|trifluoroborate|dtbpf|None|DMF,6-Cl-Q,trifluoroborate,dtbpf,None,DMF,21.3003
6-Cl-Q|trifluoroborate|dtbpf|None|MeCN,6-Cl-Q,trifluoroborate,dtbpf,None,MeCN,20.6595
6-Cl-Q|trifluoroborate|dtbpf|None|MeOH,6-Cl-Q,trifluoroborate,dtbpf,None,MeOH,19.3211
6-Cl-Q|trifluoroborate|dtbpf|None|THF,6-Cl-Q,trifluoroborate,dtbpf,None,THF,22.3318
