sample_id,design,library,formula,n_cations,Mn,Fe,Co,Ni,La,Ce,Cu,Ta,Sn,Ca,Sb,overpotential_v
sample_04f6c07a0db20585,Ca-Mn-Co-Ni-Sn-Sb|Ca1,Ca-Mn-Co-Ni-Sn-Sb,Ca1,1,0,0,0,0,0,0,0,0,0,1,0,0.512696
sample_220df07d7fbddd37,Mn-Fe-Co-Cu-Sn-Ta|Co1,Mn-Fe-Co-Cu-Sn-Ta,Co1,1,0,0,1,0,0,0,0,0,0,0,0,0.555354
sample_3eca17c9263c9954,Mn-Fe-Co-Ni-Cu-Ta|Ta1,Mn-Fe-Co-Ni-Cu-Ta,Ta1,1,0,0,0,0,0,0,0,1,0,0,0,0.497583
sample_3faccaf206789423,Mn-Fe-Co-Ni-Cu-Ta|Mn1,Mn-Fe-Co-Ni-Cu-Ta,Mn1,1,1,0,0,0,0,0,0,0,0,0,0,0.428641
sample_444d1d6b6c7b144f,Mn-Fe-Co-Ni-Cu-Ta|Co1,Mn-Fe-Co-Ni-Cu-Ta,Co1,1,0,0,1,0,0,0,0,0,0,0,0,0.485883
sample_69a29f8532609603,Mn-Fe-Co-Ni-Cu-Ta|Ni1,Mn-Fe-Co-Ni-Cu-Ta,Ni1,1,0,0,0,1,0,0,0,0,0,0,0,0.465733
sample_89c555a3a8bf1c7d,Mn-Fe-Co-Cu-Sn-Ta|Ta1,Mn-Fe-Co-Cu-Sn-Ta,Ta1,1,0,0,0,0,0,0,0,1,0,0,0,0.575786
sample_8ff314c6615608f5,Mn-Fe-Co-Ni-La-Ce|Mn1,Mn-Fe-Co-Ni-La-Ce,Mn1,1,1,0,0,0,0,0,0,0,0,0,0,0.373778
sample_935b9376420b2e83,Mn-Fe-Co-Ni-La-Ce|Co1,Mn-Fe-Co-Ni-La-Ce,Co1,1,0,0,1,0,0,0,0,0,0,0,0,0.478364
sample_945c11f460fdd1eb,Mn-Fe-Co-Ni-Cu-Ta|Cu1,Mn-Fe-Co-Ni-Cu-Ta,Cu1,1,0,0,0,0,0,0,1,0,0,0,0,0.428763
sample_9d2127b4d5c8aea2,Mn-Fe-Co-Cu-Sn-Ta|Mn1,Mn-Fe-Co-Cu-Sn-Ta,Mn1,1,1,0,0,0,0,0,0,0,0,0,0,0.608378
sample_a3743ceaadf6f989,Mn-Fe-Co-Ni-La-Ce|Fe1,Mn-Fe-Co-Ni-La-Ce,Fe1,1,0,1,0,0,0,0,0,0,0,0,0,0.44857
sample_a60dd030dbb52d16,Ca-Mn-Co-Ni-Sn-Sb|Co1,Ca-Mn-Co-Ni-Sn-Sb,Co1,1,0,0,1,0,0,0,0,0,0,0,0,0.449756
sample_aa61b80eb4722e5b,Mn-Fe-Co-Ni-La-Ce|Ni1,Mn-Fe-Co-Ni-La-Ce,Ni1,1,0,0,0,1,0,0,0,0,0,0,0,0.746227
sample_ab915b74c355a3b0,Ca-Mn-Co-Ni-Sn-Sb|Mn1,Ca-Mn-Co-Ni-Sn-Sb,Mn1,1,1,0,0,0,0,0,0,0,0,0,0,0.520577
sample_ad34b07df083e0e4,Ca-Mn-Co-Ni-Sn-Sb|Ni1,Ca-Mn-Co-Ni-Sn-Sb,Ni1,1,0,0,0,1,0,0,0,0,0,0,0,0.46525
sample_b6c8585b5c203542,Mn-Fe-Co-Ni-La-Ce|Ce1,Mn-Fe-Co-Ni-La-Ce,Ce1,1,0,0,0,0,0,1,0,0,0,0,0,0.516629
sample_b741837aba754265,Mn-Fe-Co-Ni-Cu-Ta|Fe1,Mn-Fe-Co-Ni-Cu-Ta,Fe1,1,0,1,0,0,0,0,0,0,0,0,0,0.445818
sample_cfe1880956da4d02,Ca-Mn-Co-Ni-Sn-Sb|Sn1,Ca-Mn-Co-Ni-Sn-Sb,Sn1,1,0,0,0,0,0,0,0,0,1,0,0,0.44122
sample_d4b3b57a3b9f7ee7,Mn-Fe-Co-Cu-Sn-Ta|Cu1,Mn-Fe-Co-Cu-Sn-Ta,Cu1,1,0,0,0,0,0,0,1,0,0,0,0,0.50747
sample_d6f0072780175cdb,Mn-Fe-Co-Ni-La-Ce|La1,Mn-Fe-Co-Ni-La-Ce,La1,1,0,0,0,0,1,0,0,0,0,0,0,0.425417
sample_dd2688a247c0b41f,Ca-Mn-Co-Ni-Sn-Sb|Sb1,Ca-Mn-Co-Ni-Sn-Sb,Sb1,1,0,0,0,0,0,0,0,0,0,0,1,0.483108
sample_e95e30d34241f9dd,Mn-Fe-Co-Cu-Sn-Ta|Sn1,Mn-Fe-Co-Cu-Sn-Ta,Sn1,1,0,0,0,0,0,0,0,0,1,0,0,0.44257
sample_ebb09920cb2db3f9,Mn-Fe-Co-Cu-Sn-Ta|Fe1,Mn-Fe-Co-Cu-Sn-Ta,Fe1,1,0,1,0,0,0,0,0,0,0,0,0,0.474517
